Time	[X_25,1]	[X_25,2]	[X_25,3]	[X_25,4]	[X_25,5]	[X_25,6]	[X_25,7]	[X_25,8]	[X_25,9]	[X_25,10]	[X_25,11]	[X_25,12]	[X_25,13]	[X_25,14]	[X_25,15]	[X_25,16]	[X_25,17]	[X_25,18]	[X_25,19]	[X_25,20]	[X_25,21]	[X_25,22]	[X_25,23]	[X_25,24]	[X_25,25]	[X_25,26]	[X_25,27]	[X_25,28]	[X_25,29]	[X_25,30]	[X_25,31]	[X_25,32]	[X_25,33]	[X_25,34]	[X_25,35]	[X_25,36]	[X_25,37]	[X_25,38]	[X_25,39]	[X_25,40]	[X_25,41]	[X_25,42]	[X_25,43]	[X_25,44]	[X_25,45]	[X_25,46]	[X_25,47]	[X_25,48]	[X_25,49]
700	32.2864	34.7004	35.6698	40.4727	30.4173	33.6196	38.668	43.675	45.0262	31.6903	36.3491	0.604575	2.46299	4.11837	5.64213	7.10242	8.49992	9.86438	11.218	12.5163	13.7946	14.9619	16.1071	17.1107	17.7989	17.1318	16.1696	14.9781	13.8561	12.5718	11.2239	9.86657	8.49927	7.08965	5.63266	4.10552	2.47337	0.605197	37.107	32.0022	46.8064	44.6846	38.7641	35.0879	30.0801	26.478	23.1829	20.6165	19.6979
700.5	32.4717	34.9026	35.8545	40.7375	31.0579	34.234	39.3348	44.3944	45.7973	32.8323	0.665904	2.72888	4.5433	6.23394	7.84975	9.4211	10.9061	12.377	13.8533	15.2333	16.5774	17.7693	18.9709	20.0479	20.7804	20.0809	19.0856	17.7955	16.6612	15.2949	13.8377	12.3815	10.9234	9.40375	7.84844	6.23416	4.54902	2.72845	0.665434	33.1766	47.6716	45.4607	39.4442	35.7856	30.7172	27.0788	23.7264	21.1148	20.2069
701	32.6513	35.0986	36.0323	40.9924	31.6838	34.8279	39.9688	45.0192	45.9173	0.401103	2.66507	4.72219	6.61776	8.4074	10.153	11.8528	13.4247	15.0007	16.5992	18.0517	19.4519	20.6539	21.9073	23.0604	23.8423	23.1057	22.0781	20.6875	19.5577	18.1184	16.5571	15.0083	13.4655	11.8315	10.1642	8.42715	6.62098	4.72209	2.66627	0.379066	47.897	46.1464	40.0923	36.4644	31.3399	27.6682	24.26	21.6038	20.7073
701.5	32.8253	35.2883	36.203	41.2372	32.2945	35.3971	40.5217	23.9322	0.834101	2.06641	4.56941	6.72818	8.74663	10.6575	12.5448	14.3758	16.025	17.7	19.4179	20.9332	22.3799	23.5788	24.8802	26.1123	26.9466	26.1704	25.1119	23.6181	22.5087	21.0043	19.344	17.7108	16.0938	14.3499	12.5724	10.7037	8.74966	6.73236	4.57557	2.08229	0.847964	8.65113	40.6596	37.1203	31.9477	28.246	24.7834	22.0834	21.1991
702	32.9938	35.4718	36.3668	41.4704	32.8829	35.8261	0.221046	1.26138	2.36194	3.76148	6.41392	8.75777	10.9325	12.9692	14.9997	16.9591	18.6737	20.441	22.2757	23.8449	25.3296	26.5134	27.8598	29.1736	30.0622	29.2454	28.1582	26.5576	25.4832	23.9203	22.1649	20.4549	18.7747	16.9277	15.0472	13.0486	10.9369	8.76889	6.42732	3.77006	2.36324	1.28335	0.243301	37.6277	32.5338	28.8118	25.2969	22.5537	21.6825
702.5	33.1569	35.6491	36.5213	41.6699	33.3214	0.275806	1.46093	2.59538	3.83888	5.44556	8.27137	10.8126	13.1551	15.317	17.49	19.574	21.3422	23.1956	25.1457	26.7611	28.2765	29.4336	30.8222	32.2204	33.1639	32.3068	31.1935	29.4822	28.4568	26.8408	24.993	23.2125	21.4795	19.5359	17.5608	15.4363	13.1617	10.8327	8.29489	5.4494	3.83532	2.61075	1.49518	0.284861	32.9656	29.3567	25.7995	23.0147	22.1573
703	33.3142	35.8176	36.6477	41.645	30.6977	1.38168	2.66826	3.92939	5.35022	7.16036	10.1603	12.8892	15.3959	17.6779	19.9919	22.1973	24.0081	25.9425	28.0074	29.6622	31.2013	32.3202	33.7479	35.2328	36.231	35.3352	34.1994	32.3731	31.4108	29.7464	27.8079	25.9624	24.1857	22.1514	20.0892	17.8433	15.4055	12.9206	10.1989	7.16459	5.35028	3.94409	2.69617	1.41204	30.4291	29.806	26.2842	23.4656	22.6237
703.5	33.4639	35.9669	36.6718	6.58293	0.926901	2.502	3.88578	5.3028	6.90723	8.90803	12.0757	14.9781	17.6402	20.0343	22.4875	24.8115	26.6547	28.6655	30.8454	32.533	34.0888	35.1568	36.6199	38.1933	39.2449	38.3132	37.1595	35.214	34.3302	32.6219	30.5941	28.6885	26.8768	24.7567	22.6146	20.252	17.6535	15.0236	12.1348	8.91694	6.9165	5.32021	3.91231	2.53959	0.916876	29.7696	26.7268	23.9031	23.081
704	33.5956	36.0123	12.8231	0.866894	1.91287	3.58884	5.12667	6.71596	8.49931	10.6775	14.0054	17.0685	19.8763	22.3736	24.9639	27.4039	29.2694	31.3522	33.6476	35.3611	36.9256	37.9281	39.4212	41.0842	42.1865	41.2235	40.0584	37.9897	37.2018	35.4549	33.339	31.3785	29.5404	27.3392	25.1238	22.6497	19.894	17.1309	14.0897	10.6942	8.52218	6.73947	5.15557	3.64551	1.94824	28.8584	27.0769	24.3193	23.5273
704.5	33.6142	32.5769	0.829045	1.73147	2.87975	4.67745	6.38389	8.1531	10.1106	12.4554	15.937	19.1508	22.0954	24.6868	27.4117	29.965	31.8422	33.9921	36.4032	38.1347	39.6983	40.6174	42.1328	43.8851	45.0333	44.046	42.8786	40.6836	40.0128	38.2337	36.0317	34.0222	32.1669	29.8894	27.6077	25.0273	22.1182	19.2325	16.0509	12.4824	10.151	8.18642	6.42238	4.77845	2.99303	28.4153	27.3678	24.7104	23.9602
705	31.2495	0.725763	1.61543	2.58831	3.85724	5.77826	7.65184	9.60056	11.727	14.2301	17.8603	21.217	24.2906	26.9669	29.8236	32.4871	34.3643	36.5756	39.1021	40.8419	42.392	43.2044	44.7295	46.5683	47.7541	46.7537	45.5981	43.2752	42.7485	40.9461	38.6612	36.61	34.7481	32.3997	30.0593	27.3782	24.3193	21.3203	18.0078	14.2695	11.7887	9.64798	7.70621	5.93269	4.04224	28.4776	27.665	25.0835	24.3791
705.5	0.676906	1.45669	2.38692	3.45767	4.85023	6.88947	8.9243	11.0486	13.3381	15.9927	19.7677	23.2609	26.4566	29.2087	32.1938	34.9634	36.8273	39.0924	41.7329	43.4681	44.9872	45.6599	47.1731	49.0896	50.2964	49.3037	48.1838	45.7351	45.3903	43.5775	41.2154	39.1322	37.2761	34.8634	32.4728	29.6971	26.4919	23.3882	19.9526	16.0465	13.425	11.1134	8.99613	7.09514	5.08955	28.7744	27.9948	25.4481	24.7859
706	1.34734	2.15967	3.16213	4.33911	5.85392	8.00511	10.1952	12.4903	14.9372	17.7372	21.6535	25.2778	28.589	31.4073	34.5166	37.3871	39.2218	41.5307	44.2813	45.9939	47.4554	47.9357	49.3934	51.361	52.5472	51.6109	50.5766	48.015	47.9105	46.1078	43.6787	41.5772	39.7425	37.274	34.8431	31.9797	28.6317	25.4313	21.8795	17.8073	15.0526	12.5744	10.2828	8.25626	6.13046	29.1815	28.3548	25.81	25.1836
706.5	2.03955	2.87658	3.94481	5.22767	6.86186	9.11881	11.4591	13.9208	16.5196	19.4593	23.5136	27.2639	30.684	33.5582	36.7864	39.7507	41.5365	43.8748	46.7276	48.3894	49.7468	49.9313	51.2071	53.1	54.0202	53.4073	52.6329	50.0128	50.2612	48.5064	46.0292	43.9302	42.1375	39.624	37.1648	34.2217	30.735	27.4461	23.7845	19.5477	16.6664	14.0251	11.5597	9.41007	7.16184	29.6428	28.7356	26.1714	25.5748
707	2.75249	3.61241	4.73591	6.11942	7.86881	10.2255	12.7122	15.3368	18.0823	21.1563	25.345	29.216	32.7378	35.6563	38.9965	42.0452	43.7567	46.1024	49.0406	50.601	51.7486	51.2429	0.648553	0.697111	1.54708	0.636923	9.62263	51.3222	52.334	50.7172	48.232	46.1697	44.448	41.9047	39.432	36.4188	32.7981	29.4293	25.6647	21.2645	18.263	15.4618	12.823	10.553	8.1817	30.1307	29.1286	26.5324	25.9608
707.5	3.47678	4.35968	5.53122	7.01062	8.87102	11.3216	13.9514	16.7358	19.6232	22.826	27.1454	31.1313	34.7468	37.6963	41.1392	44.2584	45.8606	48.1765	51.1524	52.1065	0.439027	1.74539	2.79351	3.54099	4.29766	3.49332	2.56444	1.65183	0.388816	52.2295	50.21	48.2612	46.6557	44.1046	41.6376	38.5661	34.8175	31.3782	27.5175	22.9556	19.8403	16.882	14.07	11.683	9.18883	30.6308	29.5276	26.8918	26.3423
708	4.20414	5.11048	6.32554	7.89784	9.86577	12.4048	15.1748	18.1163	21.1407	24.4667	28.9124	33.0067	36.7066	39.6714	43.204	46.3724	47.7945	49.2371	0.627851	1.9803	3.17748	4.25864	5.16948	5.89217	6.56833	5.8564	4.99309	4.17831	3.11125	1.97131	0.680665	49.2389	48.7126	46.2066	43.7724	40.658	36.7891	33.2901	29.341	24.6194	21.3966	18.284	15.2994	12.799	10.1825	31.1349	29.9279	27.2487	26.7194
708.5	4.92884	5.85914	7.11471	8.77831	10.8511	13.4735	16.3812	19.477	22.6337	26.077	30.6441	34.8391	38.6124	41.5724	45.1617	47.9007	0.612305	2.02734	3.2404	4.3791	5.46513	6.49645	7.42499	8.19822	8.83071	8.17576	7.31141	6.44185	5.42611	4.38514	3.28888	2.05245	0.608335	47.7056	45.809	42.6865	38.7084	35.162	31.1332	26.2543	22.9306	19.6668	16.5102	13.9001	11.1624	31.6381	30.3268	27.6018	27.0917
709	5.64734	6.60209	7.89595	9.6501	11.8257	14.5268	17.5697	20.8171	24.1012	27.6556	32.3382	36.6249	40.4519	43.262	0.254996	1.72711	3.13615	4.37081	5.50861	6.62939	7.73916	8.80159	9.79123	10.6292	11.2538	10.6202	9.73364	8.7744	7.73578	6.65713	5.54956	4.38178	3.12339	1.73936	0.24984	44.5245	40.5633	36.9903	32.892	27.859	24.4415	21.0296	17.702	14.986	12.1282	32.1373	30.7222	27.9504	27.4588
709.5	6.35758	7.33722	8.66754	10.512	12.7887	15.5639	18.7396	22.1359	25.5423	29.2009	33.9909	38.3334	41.311	1.03154	2.62736	4.03835	5.36127	6.60317	7.80163	8.9827	10.1583	11.269	12.3264	13.2322	13.8733	13.2362	12.3198	11.2641	10.1855	9.0255	7.83036	6.60655	5.34757	4.03758	2.61733	1.01446	41.4173	38.7456	34.6136	29.432	25.9283	22.3719	18.8742	16.0564	13.0798	32.6306	31.1126	28.2937	27.8205
710	7.0584	8.06334	9.42847	11.3631	13.7395	16.5844	19.8904	23.4329	26.9558	30.7078	35.5455	31.532	1.60252	3.30535	4.81435	6.2404	7.60523	8.92821	10.2338	11.4981	12.7478	13.9015	15.0231	15.9987	16.6716	16.015	15.066	13.9128	12.8004	11.5507	10.2469	8.93001	7.59936	6.22998	4.80325	3.28936	1.61412	31.1416	36.2446	30.9684	27.3899	23.693	20.0266	17.1111	14.017	33.1166	31.4969	28.631	28.1763
710.5	7.7492	8.7798	10.1782	12.2031	14.6778	17.588	21.0218	24.7069	28.3358	32.1121	31.1935	1.88966	3.74971	5.42293	6.99516	8.51687	9.9637	11.3904	12.817	14.1651	15.4842	16.6678	17.848	18.8959	19.6103	18.9243	17.9419	16.6906	15.5594	14.2246	12.8104	11.3938	9.97337	8.50105	6.99021	5.41767	3.75679	1.88817	31.3698	32.4056	28.8209	24.9921	21.1588	18.15	14.9399	33.5944	31.8746	28.9621	28.5259
711	8.42966	9.48624	10.9164	13.0316	15.6031	18.5744	22.1329	25.9533	29.6348	32.1295	1.78602	3.94138	5.82155	7.57199	9.26271	10.9078	12.4427	13.9755	15.5249	16.9491	18.328	19.5273	20.7608	21.8838	22.6458	21.9243	20.9092	19.5583	18.4252	17.014	15.4937	13.9819	12.4739	10.888	9.26874	7.58379	5.82548	3.93948	1.78357	32.4412	30.1759	26.2647	22.2702	19.1729	15.8484	34.0633	32.245	29.2865	28.8693
711.5	9.09964	10.1825	11.643	13.8486	16.5155	19.543	23.2212	27.1525	30.5623	1.00739	3.77223	5.94564	7.93198	9.79701	11.6251	13.4003	15.0163	16.6504	18.32	19.8106	21.2395	22.4406	23.7235	24.9243	25.7379	24.9774	23.9309	22.4779	21.3593	19.8801	18.2591	16.66	15.0738	13.3763	11.6461	9.83262	7.93499	5.9468	3.77348	1.02514	31.1653	27.4918	23.3583	20.1793	16.7424	34.5228	32.6077	29.6041	29.206
712	9.75912	10.8685	12.3578	14.6538	17.4146	20.4928	24.2786	28.2359	29.8271	2.87402	5.67432	7.98401	10.1052	12.0912	14.061	15.9652	17.6508	19.3794	21.1665	22.7142	24.1842	25.3747	26.7036	27.9851	28.8524	28.0515	26.9754	25.4171	24.328	22.788	21.0707	19.3921	17.7389	15.9361	14.1007	12.1576	10.1092	7.99177	5.68472	2.89288	30.5202	28.6063	24.4148	21.1682	17.6218	34.9725	32.9626	29.9147	29.5362
712.5	10.4081	11.5442	13.0609	15.4471	18.3	21.4215	25.2963	29.1978	29.0978	4.75531	7.61395	10.0594	12.3261	14.4321	16.5427	18.5722	20.3154	22.1321	24.0348	25.6315	27.1349	28.3031	29.6753	31.0401	31.9622	31.1207	30.0175	28.3501	27.3046	25.7096	23.8991	22.1478	20.4382	18.5368	16.6044	14.5359	12.3324	10.0766	7.63733	4.77687	29.832	29.6016	25.4311	22.1374	18.486	35.4117	33.3093	30.2181	29.8595
713	11.0466	12.2097	13.7522	16.2285	19.1712	22.3281	26.2778	30.1191	29.5201	6.63985	9.59585	12.1717	14.5772	16.7957	19.0448	21.1957	22.9852	24.8846	26.9021	28.5407	30.0704	31.2049	32.6174	34.0681	35.045	34.1641	33.0369	31.2562	30.2683	28.6232	26.7215	24.9033	23.1468	21.1529	19.1318	16.9434	14.5866	12.2009	9.63633	6.66612	30.3002	30.5559	26.4102	23.0857	19.3347	35.8398	33.6476	30.5142	30.1761
713.5	11.6747	12.865	14.4318	16.9978	20.0281	23.2135	27.2336	31.0598	30.3918	8.51884	11.5958	14.3036	16.8409	19.163	21.5475	23.8164	25.6416	27.6189	29.7512	31.4251	32.9742	34.0628	35.5123	37.0508	38.0818	37.1638	36.0167	34.1184	33.2029	31.5122	29.5207	27.6406	25.846	23.7652	21.663	19.3607	16.8543	14.3471	11.6574	8.5517	31.2262	31.5292	27.3631	24.014	20.1676	36.256	33.9771	30.8031	30.4858
714	12.2925	13.51	15.0997	17.755	20.8707	24.0796	28.1724	32.0299	31.4383	10.3848	13.5952	16.4372	19.102	21.5191	24.0362	26.4201	28.2707	30.3214	32.5689	34.2713	35.8323	36.8614	38.3432	39.971	41.0539	40.1026	38.9413	36.9214	36.0946	34.3633	32.2832	30.3464	28.5223	26.3594	24.1834	21.7728	19.1199	16.4973	13.6818	10.4261	32.3287	32.532	28.2985	24.9242	20.985	36.6605	34.2977	31.0845	30.7885
714.5	12.9	14.1449	15.7559	18.5002	21.6996	24.928	29.098	33.0197	32.5607	12.2319	15.582	18.5593	21.3484	23.8532	26.5005	28.9962	30.8617	32.9811	35.3441	37.0676	38.6317	39.5848	41.0923	42.8097	43.9407	42.9619	41.7944	39.6493	38.9309	37.1647	34.9977	33.0096	31.1652	28.925	26.6825	24.1689	21.3715	18.6382	15.6972	12.2831	33.508	33.5546	29.2206	25.818	21.7873	37.0535	34.6094	31.3584	31.0844
715	13.4973	14.7698	16.4006	19.2335	22.5149	25.7599	30.0111	34.0174	33.7143	14.0557	17.5483	20.661	23.5715	26.157	28.9321	31.5367	33.4057	35.5882	38.0666	39.8023	41.3582	42.2145	43.7372	45.5427	46.7151	45.7182	44.5562	42.2835	41.6979	39.9046	37.6534	35.6209	33.766	31.4541	29.1524	26.5407	23.6004	20.7608	17.6958	14.1184	34.7194	34.5856	30.1302	26.6964	22.575	37.4355	34.9124	31.625	31.3733
715.5	14.0846	15.3845	17.0338	19.9549	23.3169	26.5756	30.9109	35.0136	34.8756	15.8533	19.4894	22.7364	25.7652	28.4243	31.3247	34.0344	35.8941	38.1329	40.7256	42.4622	43.9945	44.7254	46.2463	48.134	49.3353	48.3363	47.199	44.799	44.379	42.5696	40.2389	38.1706	36.317	33.9396	31.5868	28.8823	25.8004	22.8592	19.6728	15.9291	35.9396	35.6155	31.0264	27.5601	23.3485	37.807	35.2068	31.8843	31.6553
716	14.6617	15.9894	17.6556	20.6646	24.1058	27.3753	31.7959	36.0012	36.031	17.6228	21.4019	24.7813	27.9247	30.6498	33.6724	36.4827	38.3182	40.6042	43.3085	45.03	46.5165	47.0789	48.5656	50.5185	51.721	50.7532	49.6768	47.1568	46.9507	45.1423	42.7401	40.648	38.8102	36.3749	33.9802	31.1887	27.9669	24.9292	21.6248	17.7132	37.1556	36.6375	31.9078	28.4089	24.1078	38.1684	35.4929	32.1364	31.9305
716.5	15.229	16.5843	18.2661	21.3627	24.8817	28.1588	32.6647	36.975	37.1717	19.3626	23.2835	26.7925	30.0461	32.8287	35.9695	38.8744	40.6678	42.9884	45.7979	47.4811	48.885	49.2023	50.5765	52.5332	53.6375	52.8126	51.8933	49.2833	49.3754	47.5972	45.1384	43.0401	41.2365	38.7531	36.3273	33.4555	30.0961	26.9678	23.5494	19.4692	38.3587	37.6465	32.773	29.2428	24.8533	38.52	35.7708	32.3814	32.1989
717	15.7864	17.1694	18.8654	22.0492	25.6445	28.9257	33.5157	37.9309	38.2919	21.0716	25.1323	28.7673	32.1259	34.9561	38.2098	41.201	42.9295	45.2662	48.1685	49.7738	51.022	50.8977	51.7407	46.3932	0.317734	51.1444	53.4874	50.9775	51.5779	49.8911	47.405	45.3284	43.5842	41.066	38.6223	35.6783	32.1845	28.9723	25.445	21.1959	39.5432	38.6384	33.6203	30.0614	25.5847	38.8619	36.0408	32.6194	32.4607
717.5	16.334	17.7448	19.4536	22.7241	26.3941	29.6758	34.3476	38.8657	39.3868	22.7486	26.9464	30.7031	34.1603	37.0268	40.3857	43.4519	45.0852	47.4083	50.3756	51.8083	51.9356	0.570325	1.71918	2.53193	3.32439	2.4783	1.48062	0.489399	52.7671	51.9207	49.4893	47.4853	45.8377	43.3033	40.8585	37.8525	34.2285	30.9403	27.3098	22.8922	40.7047	39.6103	34.4486	30.8642	26.3022	39.1942	36.3029	32.8506	32.7158
718	16.872	18.3105	20.0308	23.3875	27.1304	30.4087	35.1593	39.7768	40.4527	24.3924	28.7241	32.5973	36.1454	39.0343	42.4881	45.6123	47.1048	49.3284	45.8831	0.880406	2.19493	3.34806	4.28349	4.99981	5.70393	4.95934	4.08311	3.2607	2.12711	0.875174	29.8229	49.4273	47.9716	45.451	43.0276	39.9726	36.2245	32.8694	29.1422	24.5571	41.8397	40.5594	35.2566	31.6508	27.0055	39.5168	36.5573	33.0752	32.9644
718.5	17.4003	18.8666	20.5971	24.0394	27.8534	31.1239	35.9497	40.6619	41.4865	26.002	30.4636	34.447	38.0765	40.9709	44.5025	47.6274	43.4851	0.97747	2.2968	3.48971	4.5943	5.62943	6.54227	7.2927	7.93729	7.26496	6.40492	5.56399	4.5421	3.48723	2.34736	1.00643	44.0129	47.4537	45.1167	42.032	38.1679	34.7569	30.9405	26.1894	42.945	41.4835	36.0433	32.4209	27.6946	39.8298	36.804	33.2931	33.2067
719	17.9192	19.4131	21.1524	24.6797	28.563	31.8211	36.7177	41.5186	42.4851	27.576	32.1629	36.2488	39.9471	42.8076	45.8248	0.713317	2.21378	3.49158	4.63553	5.74961	6.84235	7.88862	8.85263	9.66482	10.289	9.6507	8.77409	7.85117	6.82545	5.76956	4.6801	3.50773	2.20388	0.728024	46.5301	44.0046	40.0525	36.5996	32.7028	27.7879	44.0178	42.3806	36.8076	33.174	28.3694	40.1329	37.043	33.5044	33.4426
719.5	18.4286	19.9502	21.697	25.3085	29.2589	32.5	37.4625	42.3451	43.4453	29.113	33.8193	37.9933	41.6579	0.243432	1.7067	3.16615	4.50113	5.7284	6.89586	8.04941	9.19751	10.2894	11.3207	12.1998	12.8323	12.1989	11.2946	10.2766	9.21353	8.08711	6.92975	5.7339	4.48688	3.17072	1.69831	0.233436	41.78	38.3886	34.4268	29.3512	45.0551	43.2485	37.5486	33.9096	29.0297	40.4262	37.2744	33.7094	33.6722
720	18.9286	20.4778	22.2308	25.9257	29.941	33.1603	38.1831	43.1392	44.3638	30.6101	35.414	39.3099	0.719404	2.45425	3.96647	5.3746	6.71763	8.00642	9.26883	10.5005	11.7219	12.8603	13.9577	14.9059	15.5649	14.9175	13.9812	12.866	11.7651	10.5498	9.28841	8.00836	6.70775	5.36746	3.95495	2.43634	0.732804	39.7522	36.0946	30.8767	46.0535	44.0852	38.2653	34.6274	29.6754	40.7096	37.4983	33.908	33.8956
720.5	19.4194	20.9961	22.7539	26.5314	30.6093	33.8015	38.8785	43.898	45.2297	32.0377	36.2641	1.08978	2.94099	4.59205	6.12968	7.61138	9.0271	10.4146	11.795	13.1119	14.4054	15.5793	16.7374	17.7569	18.4542	17.7806	16.8112	15.5981	14.472	13.169	11.7966	10.4172	9.02997	7.59745	6.12167	4.58172	2.95041	1.09087	37.031	32.3352	47.0026	44.8877	38.9567	35.327	30.3064	40.983	37.7147	34.1003	34.113
721	19.9011	21.5051	23.2663	27.1255	31.2636	34.4234	39.5467	44.6089	45.945	32.8236	1.12117	3.18559	5.00791	6.71543	8.35755	9.95623	11.4606	12.9549	14.4583	15.855	17.2123	18.4074	19.6208	20.7142	21.4572	20.75	19.7475	18.4355	17.301	15.9179	14.4373	12.9601	11.4828	9.93803	8.35876	6.71956	5.01308	3.18533	1.12228	33.1438	47.8057	45.6437	39.621	36.0078	30.9225	41.2464	37.9236	34.2864	34.3243
721.5	20.3736	22.0048	23.7683	27.708	31.9037	35.0247	40.1793	45.1979	45.2162	0.676809	3.11042	5.17335	7.09163	8.90663	10.6826	12.4111	14.0006	15.5988	17.2238	18.6908	20.1019	21.3041	22.5683	23.7385	24.5316	23.7866	22.7521	21.3391	20.2128	18.7586	17.1751	15.6072	14.0473	12.3889	10.6972	8.9318	7.09481	5.17435	3.11326	0.698708	47.0056	46.2788	40.2493	36.6686	31.5235	41.4997	38.125	34.4664	34.5296
722	20.837	22.4954	24.2597	28.2787	32.5288	35.5982	40.6573	0.195216	1.19861	2.46253	4.99045	7.18532	9.23524	11.1729	13.0913	14.9506	16.6148	18.3104	20.0541	21.5817	23.0373	24.2336	25.545	26.7948	27.641	26.8559	25.7911	24.2741	23.1716	21.6539	19.9725	18.322	16.6904	14.9236	13.1231	11.2261	9.23863	7.19117	4.99878	2.48013	1.22032	0.222955	40.6954	37.3013	32.1085	41.7427	38.3191	34.6403	34.7291
722.5	21.2915	22.9768	24.7405	28.8368	33.1256	35.8245	0.47577	1.57355	2.69986	4.14863	6.83483	9.2211	11.4317	13.4954	15.5569	17.5436	19.2705	21.0568	22.9169	24.4965	25.9884	27.1669	28.5227	29.8548	30.7555	29.9298	28.8367	27.2121	26.1478	24.573	22.7972	21.0714	19.3793	17.5108	15.6094	13.5833	11.4366	9.23413	6.85041	4.1584	2.70808	1.60743	0.540572	37.4789	32.66	41.9723	38.5055	34.8083	34.9227
723	21.7371	23.4489	25.2095	29.3682	33.4476	0.483082	1.73954	2.8987	4.18238	5.83898	8.69995	11.2822	13.6605	15.8485	18.0521	20.1626	21.9404	23.8116	25.7868	27.411	28.9319	30.0812	31.4785	32.8956	33.8512	32.9854	31.8671	30.1308	29.1186	27.4918	25.6241	23.8292	22.0864	20.1229	18.1286	15.9777	13.6677	11.3045	8.72649	5.84491	4.18705	2.92615	1.79555	0.578734	32.7928	42.1419	38.6796	34.9699	35.1105
723.5	22.1737	23.9108	25.6575	29.7837	25.5405	1.62591	2.94285	4.24193	5.70585	7.56284	10.5968	13.3634	15.904	18.2103	20.5545	22.7856	24.6036	26.5547	28.6446	30.3067	31.8498	32.958	34.3937	35.8979	36.908	36.0041	34.8641	33.0119	32.0662	30.392	28.434	26.5752	24.7908	22.7378	20.6583	18.387	15.9143	13.3975	10.6396	7.57011	5.7149	4.26742	2.9904	1.71875	0.36505	41.928	38.8088	35.1209	35.2919
724	22.6005	24.3583	26.054	29.5231	1.0682	2.74406	4.17081	5.62747	7.27359	9.31775	12.5177	15.4545	18.1482	20.5645	23.0473	25.3963	27.2444	29.2708	31.4758	33.1692	34.7272	35.7815	37.2515	38.8445	39.9074	38.9686	37.812	35.8397	34.9761	33.2592	31.2121	29.2945	27.477	25.3394	23.1814	20.7948	18.1623	15.5034	12.582	9.33035	7.29231	5.65485	4.21182	2.82472	1.28707	0.289245	38.6549	35.2438	35.4636
724.5	23.0154	24.7827	26.3528	28.5514	2.10671	3.84769	5.42166	7.05016	8.87314	11.0915	14.4499	17.5449	20.382	22.8993	25.5185	27.9829	29.8508	31.9481	34.2686	35.9862	37.5509	38.5361	40.0346	41.7173	42.8301	41.8612	40.695	38.5988	37.8354	36.0813	33.9465	31.9752	30.1334	27.9158	25.6862	23.1893	20.4006	17.6111	14.5405	11.1123	8.90546	7.08138	5.45624	3.91729	2.25589	1.17699	0.333124	35.0769	35.6031
725	23.4159	25.1821	26.6043	28.1957	3.15728	4.97668	6.69413	8.49496	10.4888	12.871	16.3816	19.6251	22.597	25.2063	27.9593	30.5363	32.4133	34.5765	37.0127	38.7463	40.3075	41.2046	42.7231	44.4947	45.652	44.6608	43.4949	41.2719	40.631	38.8465	36.6262	34.6075	32.7508	30.4581	28.164	25.5621	22.621	19.7112	16.5027	12.9021	10.5378	8.53067	6.71712	5.01991	3.22095	2.03056	1.13773	0.265161	35.5049
725.5	23.8018	25.5645	26.8686	28.2965	4.21114	6.12144	7.98081	9.94976	12.1075	14.6452	18.3032	21.6877	24.7869	27.4789	30.3629	33.0491	34.9233	37.1462	39.6976	41.4369	42.9812	43.7653	45.2897	47.1465	48.3386	47.3379	46.188	43.8371	43.3478	41.5423	39.2403	37.1818	35.3211	32.959	30.6081	27.9069	24.8169	21.796	18.4584	14.6882	12.1755	9.98958	7.98786	6.13758	4.19915	2.89151	1.91499	0.973198	0.240123
726	24.1753	25.9384	27.164	28.6019	5.26239	7.26927	9.27103	11.4047	13.72	16.406	20.2074	23.727	26.9465	29.7121	32.7235	35.5146	37.372	39.6469	42.3115	44.0427	45.5511	46.1859	47.6915	49.6224	50.8296	49.8437	48.7373	46.2621	45.9653	44.1532	41.7758	39.6881	37.8364	35.4118	33.0129	30.2188	26.9832	23.8595	20.4004	16.4622	13.809	11.4488	9.26175	7.26671	5.19118	3.76452	2.68662	1.68135	0.875909
726.5	24.539	26.3092	27.4873	29.0062	6.30705	8.41163	10.5561	12.8521	15.3196	18.1479	22.0891	25.7383	29.0716	31.901	35.0355	37.926	39.75	42.0658	44.8392	46.5426	47.9853	48.4112	49.8448	51.8147	52.9822	52.0743	51.0732	48.4912	48.453	46.6574	44.2163	42.1142	40.2881	37.8098	35.3733	32.4932	29.1158	25.8973	22.3232	18.2185	15.4318	12.9018	10.5327	8.40092	6.1913	4.64779	3.46364	2.38058	1.55258
727	24.8954	26.6792	27.8303	29.461	7.34247	9.54339	11.8304	14.2869	16.9019	19.867	23.9446	27.7182	31.1585	34.0411	37.293	40.2754	42.0454	44.3863	47.2591	48.9032	50.226	50.316	51.4994	53.288	53.7712	53.6221	53.006	50.3973	50.7551	49.0205	46.5376	44.4441	42.6657	40.1455	37.6838	34.7261	31.211	27.9058	24.2231	19.9531	17.0397	14.3441	11.7957	9.53415	7.19357	5.53769	4.2525	3.101	2.2558
727.5	25.2464	27.0485	28.1856	29.9417	8.36693	10.6615	13.0903	15.7056	18.4639	21.5604	25.771	29.6634	33.2035	36.1273	39.4892	42.5532	44.2419	46.5837	49.5361	51.0606	52.1197	49.9525	0.525301	1.40426	2.23877	1.34259	0.332198	50.6389	52.7264	51.1756	48.7001	46.6544	44.9553	42.4096	39.9383	36.913	33.2651	29.882	26.0974	21.6635	18.6299	15.7724	13.0469	10.6618	8.19338	6.4306	5.0516	3.83943	2.97878
728	25.5926	27.4167	28.5471	30.4347	9.37931	11.7643	14.3337	17.1061	20.0035	23.2263	27.5658	31.5712	35.2027	38.154	41.6159	44.7464	46.3159	48.6142	51.5519	1.69558	1.09296	2.36532	3.35842	4.08615	4.82275	4.0412	3.13781	2.27333	1.02887	1.686	50.5708	48.7039	47.1367	44.5897	42.1293	39.0488	35.2745	31.823	27.9436	23.3475	20.2004	17.1847	14.2839	11.7806	9.18729	7.32267	5.85538	4.58679	3.71168
728.5	25.9344	27.7826	28.9106	30.9321	10.379	12.8505	15.5592	18.487	21.5191	24.8627	29.3269	33.4385	37.1517	40.114	43.6617	46.833	48.1538	0.400643	1.2626	2.55633	3.70731	4.7639	5.67091	6.4018	7.06446	6.36889	5.50879	4.68855	3.64479	2.54808	1.31638	0.320902	49.1034	46.6646	44.2467	41.1277	37.235	33.7261	29.7598	25.0037	21.7498	18.5794	15.5049	12.8885	10.1728	8.21043	6.65845	5.33549	4.44683
729	26.2716	28.1454	29.2732	31.4291	11.3654	13.9198	16.7661	19.8471	23.0097	26.4684	31.0521	35.2622	39.0454	41.9958	45.5635	7.45938	1.21683	2.58299	3.75837	4.8809	5.96526	6.9997	7.93997	8.72693	9.35485	8.70753	7.83947	6.95145	5.93432	4.89217	3.80569	2.60494	1.21089	5.92363	46.2304	43.1393	39.1416	35.5883	31.544	26.6307	23.277	19.9554	16.7088	13.984	11.148	9.09125	7.45682	6.08044	5.17918
729.5	26.604	28.5042	29.6328	31.9226	12.3385	14.9716	17.9537	21.1858	24.4742	28.0419	32.7393	37.0376	40.8596	43.2397	0.746482	2.27589	3.64364	4.86843	6.01238	7.14243	8.2648	9.33754	10.3422	11.1949	11.8214	11.1889	10.2962	9.31588	8.2688	7.17415	6.05095	4.87705	3.63	2.28575	0.739833	44.5521	40.9706	37.4053	33.2943	28.2273	24.7811	21.312	17.8946	15.066	12.1118	9.96332	8.2479	6.81849	5.90562
730	26.9312	28.8581	29.9879	32.4106	13.298	16.0057	19.1216	22.5026	25.9118	29.5816	34.3821	38.7016	3.85424	1.56857	3.12823	4.53095	5.85617	7.11206	8.33183	9.5304	10.7223	11.8434	12.9154	13.8364	14.4834	13.8432	12.9198	11.8426	10.7556	9.57577	8.35739	7.11468	5.84345	4.5276	3.11761	1.55192	2.87559	39.1153	35.0047	29.7918	26.2612	22.6484	19.0619	16.134	13.0632	10.8255	9.03011	7.54784	6.62435
730.5	27.2528	29.2067	30.3375	32.8916	14.2439	17.0221	20.2697	23.7967	27.3209	31.0787	35.869	0.288253	2.10712	3.78285	5.2985	6.74115	8.12211	9.46697	10.7988	12.0819	13.3476	14.5091	15.644	16.6354	17.3167	16.6544	15.6981	14.5233	13.4055	12.1363	10.8079	9.46894	8.11908	6.72923	5.28837	3.76939	2.12044	0.28778	36.5669	31.3157	27.716	23.9642	20.2102	17.1874	14.0018	11.677	9.80252	8.26748	7.33437
731	27.5687	29.5494	30.6808	33.3648	15.1761	18.0204	21.3974	25.0669	28.6925	32.4249	0.315309	2.36832	4.21419	5.89992	7.49523	9.04262	10.5088	11.959	13.4129	14.7785	16.1116	17.2998	18.4921	19.5563	20.2808	19.5874	18.5979	17.3247	16.1918	14.8394	13.4012	11.963	10.5228	9.02579	7.49238	5.89838	4.22225	2.3723	0.307932	32.6903	29.1367	25.258	21.339	18.2259	14.9272	12.5174	10.5646	8.97686	8.03515
731.5	27.8785	29.8859	31.0172	33.8294	16.0944	19.0007	22.5039	26.3065	29.9562	31.1544	2.23824	4.38928	6.29154	8.06533	9.78515	11.4586	13.0119	14.5675	16.1436	17.5833	18.974	20.1746	21.4192	22.5591	23.3322	22.6024	21.5804	20.2071	19.0762	17.6493	16.1063	14.5746	13.0485	11.4377	9.79412	8.08216	6.29655	4.39223	2.24764	31.2856	30.4545	26.5231	22.4474	19.2491	15.8391	13.3465	11.3161	9.67572	8.72643
732	28.182	30.216	31.3462	34.2849	16.9989	19.9624	23.5858	27.4878	30.5986	1.43247	4.20358	6.40319	8.41643	10.3076	12.1667	13.9703	15.6023	17.2576	18.9533	20.4571	21.8957	23.0952	24.3884	25.6068	26.432	25.6627	24.6097	23.1337	22.0207	20.5277	18.8851	17.2679	15.6662	13.9451	12.1914	10.3497	8.42085	6.40972	4.2161	1.47082	31.1451	27.7321	23.5319	20.2565	16.7374	14.164	12.0568	10.3639	9.40808
732.5	28.4791	30.5392	31.6677	34.7306	17.8892	20.9039	24.6333	28.5385	29.5749	3.30338	6.10849	8.44911	10.6025	12.6149	14.6156	16.5474	18.2463	19.9945	21.8072	23.3661	24.8439	26.0301	27.3687	28.6684	29.5476	28.7378	27.6557	26.0736	24.9933	23.4409	21.7029	20.0079	18.3417	16.5168	14.6597	12.6893	10.6081	8.4627	6.13099	3.34277	30.2029	28.815	24.5828	21.2467	17.6218	14.97	12.7868	11.0414	10.0801
733	28.7697	30.8556	31.9812	35.166	18.7649	21.8231	25.6397	29.4809	29.1176	5.18748	8.06059	10.5345	12.8323	14.9633	17.1043	19.1604	20.9142	22.7492	24.6772	26.2834	27.7929	28.9543	30.3355	31.7191	32.6532	31.803	30.6943	29.0023	27.9687	26.3625	24.5319	22.7656	21.0452	19.1233	17.1712	15.0766	12.8404	10.5582	8.09727	5.22982	29.8102	29.7947	25.594	22.2175	18.4918	15.7642	13.5058	11.7083	10.7424
733.5	29.0537	31.1649	32.2865	35.5902	19.6255	22.7194	26.6111	30.3996	29.6816	7.07244	10.0496	12.6537	15.0883	17.3298	19.6085	21.7852	23.5827	25.4993	27.5419	29.1884	30.7227	31.8477	33.2686	34.7384	35.7274	34.8381	33.7063	31.9	30.9273	29.272	27.3505	25.5186	23.7534	21.7404	19.7015	17.4884	15.0999	12.6901	10.1045	7.11976	30.4361	30.7533	26.5713	23.1684	19.347	16.5466	14.214	12.3645	11.395
734	29.3309	31.4669	32.5833	36.0028	20.4709	23.594	27.5584	31.3435	30.606	8.95012	12.0518	14.7883	17.3534	19.6963	22.1096	24.4035	26.2344	28.2278	30.3852	32.0655	33.6176	34.6938	36.1507	37.7088	38.7513	37.8257	36.6751	34.7504	33.8535	32.1537	30.1428	28.2501	26.4489	24.35	22.2318	19.9063	17.3692	14.8397	12.1288	9.00432	31.4221	31.7378	27.5255	24.1004	20.1873	17.317	14.9113	13.01	12.0381
734.5	29.6014	31.7616	32.8714	36.4038	21.3015	24.4492	28.4895	32.3158	31.6755	10.8133	14.0502	16.9211	19.6129	22.0489	24.5942	27.0022	28.8561	30.9218	33.1944	34.9017	36.4638	37.4771	38.965	40.6125	41.7063	40.7485	39.5853	37.5381	36.7341	34.9948	32.8956	30.9475	29.1188	26.939	24.7488	22.3163	19.6334	16.9898	14.1531	10.8762	32.5526	32.7508	28.4641	25.0154	21.0129	18.0755	15.5977	13.6451	12.6716
735	29.8652	32.049	33.1509	36.7935	22.1176	25.2865	29.4076	33.3053	32.8082	12.6565	16.0339	19.0402	21.8554	24.3774	27.0522	29.5715	31.4377	33.5708	35.9589	37.6854	39.2482	40.1814	41.693	43.43	44.5707	43.5871	42.42	40.2469	39.5562	37.7837	35.5981	33.6001	31.7532	29.4975	27.2424	24.7082	21.8813	19.1281	16.1663	12.7296	33.7462	33.781	29.3901	25.9148	21.8243	18.822	16.2733	14.2696	13.2957
735.5	30.1222	32.329	33.4219	37.1724	22.9197	26.107	30.3131	34.3005	33.9655	14.4756	17.996	21.1373	24.0732	26.6742	29.4762	32.1033	33.9702	36.165	38.6684	40.4048	41.9563	42.7871	44.3109	46.1351	47.3151	46.3162	45.1581	42.8571	42.3057	40.5082	38.2394	36.1987	34.3439	32.0178	29.7054	27.0744	24.105	21.2467	18.1615	14.5605	34.9652	34.8173	30.3037	26.7994	22.6217	19.5568	16.9381	14.8837	13.9102
736	30.3724	32.6017	33.6846	37.541	23.708	26.9112	31.2049	35.2925	35.1268	16.268	19.9318	23.2071	26.2603	28.9331	31.8597	34.5909	36.4453	38.6945	41.3118	43.0458	44.5697	45.267	46.7835	48.6875	49.8922	48.8965	47.769	45.3416	44.9648	43.1544	40.8075	38.7334	36.883	34.493	32.1316	29.4092	26.2986	23.3399	20.134	16.3663	36.1892	35.8507	31.2038	27.6695	23.4054	20.2799	17.5922	15.4874	14.5154
736.5	30.616	32.8672	33.9393	37.8996	24.4828	27.6991	32.0814	36.2747	36.2799	18.0319	21.8385	25.2455	28.4123	31.1492	34.197	37.0275	38.854	41.1479	43.8756	45.5902	47.0616	47.5773	49.0482	51.0103	52.205	51.2535	50.1999	47.6561	47.5078	45.7035	43.2877	41.1933	39.3624	36.9166	34.5156	31.7077	28.4578	25.4039	22.081	18.1452	37.4066	36.8749	32.0888	28.5251	24.1756	20.9914	18.2356	16.0808	15.1113
737	30.8529	33.1256	34.1861	38.2484	25.244	28.4704	32.9411	37.2419	37.4168	19.7658	23.7138	27.2495	30.5253	33.3175	36.4824	39.4058	41.1854	43.5103	46.3412	48.0104	49.3875	49.6312	50.9549	52.8848	53.9123	53.1787	52.331	49.7126	49.8916	48.1272	45.6596	43.5641	41.7724	39.2813	36.852	33.9656	30.5788	27.4359	24.0003	19.8956	38.6097	37.8852	32.9574	29.3659	24.9322	21.6914	18.8685	16.6641	15.698
737.5	31.0834	33.377	34.4252	38.5876	25.9916	29.2249	33.7826	38.1904	38.5318	21.4685	25.5557	29.2166	32.5959	35.4332	38.7094	41.7168	43.4254	45.761	48.6803	50.2587	51.452	51.1494	50.8475	0.260713	1.00281	0.235229	53.3738	51.2271	52.0245	50.3756	47.8912	45.8261	44.1009	41.5786	39.1349	36.1785	32.6583	29.4333	25.89	21.6165	39.7931	38.8777	33.808	30.1915	25.6753	22.3799	19.4909	17.2373	16.2754
738	31.3075	33.6215	34.6568	38.9172	26.7256	29.962	34.6045	39.1171	39.6205	23.1389	27.3626	31.144	34.6202	37.4908	40.8701	43.9492	45.5541	47.8667	50.8386	52.1521	0.278428	1.25419	2.35349	3.12313	3.89458	3.0732	2.11962	1.16076	0.378488	52.2642	49.921	47.9479	46.3306	43.7976	41.3573	38.3416	34.6925	31.3936	27.7486	23.3067	40.9526	39.8497	34.6394	31.0016	26.4048	23.0569	20.1028	17.8004	16.8437
738.5	31.5253	33.8592	34.8809	39.2371	27.4459	30.6816	35.4057	40.0192	40.6794	24.7759	29.1327	33.0292	36.5942	39.4836	42.9547	46.0867	47.5332	49.604	0.242597	1.52748	2.77152	3.87811	4.79604	5.51423	6.20141	5.47642	4.60913	3.79451	2.70385	1.5196	0.273007	49.6953	48.4287	45.9227	43.5104	40.4494	36.6777	33.3144	29.5744	24.9653	42.0851	40.7985	35.4505	31.7957	27.1207	23.7225	20.7043	18.3536	17.403
739	31.7369	34.0902	35.0976	39.5472	28.1522	31.383	36.1851	40.8944	41.7052	26.3782	30.8641	34.869	38.513	41.4031	44.9437	47.9799	0.246264	1.59296	2.84747	4.00492	5.09608	6.12727	7.0481	7.81116	8.44793	7.78645	6.92452	6.06799	5.05125	4.00719	2.89679	1.62015	0.24227	47.8008	45.5764	42.4943	38.6093	35.1928	31.3656	26.591	43.1873	41.7221	36.2402	32.5735	27.8227	24.3767	21.2956	18.8969	17.9533
739.5	31.9423	34.3145	35.3069	39.8476	28.8445	32.0661	36.9416	41.7407	42.6949	27.9446	32.5546	36.66	40.3677	43.185	4.56966	1.29927	2.75056	3.99958	5.13757	6.25407	7.35573	8.41084	9.38931	10.2161	10.8399	10.2049	9.3229	8.37939	7.34671	6.27864	5.18018	4.01266	2.73885	1.31304	4.60556	44.4176	40.4787	37.0256	33.1205	28.1826	44.2564	42.6183	37.0076	33.3345	28.5109	25.0194	21.8765	19.4305	18.4946
740	32.1418	34.5322	35.5089	40.1381	29.5226	32.7303	37.6742	42.5558	43.6453	29.4734	34.2011	38.3842	41.8212	0.630268	2.24232	3.66812	4.99462	6.2295	7.41426	8.58334	9.74708	10.8498	11.8961	12.7903	13.4272	12.7922	11.8811	10.8417	9.76964	8.62409	7.44527	6.2337	4.98056	3.66962	2.23308	0.614182	41.9463	38.7956	34.836	29.7388	45.2895	43.4851	37.7517	34.0785	29.1851	25.6507	22.4472	19.9543	19.0271
740.5	32.3353	34.7435	35.7038	40.4186	30.1863	33.3754	38.382	43.3376	44.5525	30.9604	35.7652	38.7807	1.235	2.94629	4.45162	5.86887	7.22464	8.53344	9.82092	11.0715	12.3093	13.4567	14.5679	15.5317	16.1983	15.546	14.6026	13.4657	12.358	11.1228	9.83686	8.53527	7.21694	5.8598	4.44015	2.92904	1.24758	39.2341	36.4757	31.2552	46.2829	44.3205	38.4717	34.8049	29.8451	26.2704	23.0076	20.4685	19.5507
741	32.5229	34.9483	35.8914	40.6892	30.8356	34.001	39.0639	44.0824	45.399	32.3518	35.2514	1.57432	3.40991	5.06622	6.62186	8.12702	9.56179	10.9727	12.3803	13.7155	15.0239	16.2037	17.3744	18.41	19.1168	18.4364	17.4597	16.2248	15.0956	13.7741	12.3773	10.9758	9.56848	8.11201	6.61545	5.05844	3.41787	1.57449	36.0319	32.6795	47.2198	45.1209	39.1665	35.5134	30.4909	26.8787	23.5579	20.9731	20.0657
741.5	32.7048	35.1467	36.072	40.9496	31.4702	34.6066	39.7172	44.7704	46.016	32.4451	1.57662	3.6359	5.47402	7.20142	8.8713	10.498	12.0216	13.5393	15.0699	16.4829	17.8529	19.0506	20.2755	21.3856	22.1393	21.4241	20.4146	19.0804	17.9465	16.547	15.0432	13.5452	12.0489	10.4789	8.87511	7.20956	5.47826	3.63498	1.57635	32.7839	47.9364	45.8673	39.8336	36.2034	31.1223	27.4755	24.098	21.4681	20.5719
742	32.8811	35.3388	36.2455	41.2	32.0898	35.1905	40.3293	45.2842	0.508502	1.10318	3.54673	5.62665	7.5695	9.41049	11.2174	12.9747	14.5814	16.2017	17.8531	19.3342	20.7558	21.9575	23.2323	24.4199	25.2245	24.4708	23.4296	21.9938	20.8718	19.403	17.7975	16.2108	14.6343	12.9514	11.2354	9.44122	7.57233	5.62799	3.54934	1.12143	0.314401	46.4444	40.4608	36.8734	31.7391	28.0607	24.6281	21.9538	21.0695
742.5	33.0517	35.5248	36.412	41.4399	32.6931	35.7354	40.4254	0.499078	1.55989	2.85647	5.41039	7.64403	9.7271	11.6919	13.6416	15.5291	17.2078	18.9239	20.6934	22.233	23.6971	24.8902	26.2115	27.4793	28.3374	27.5434	26.4723	24.9318	23.8368	22.3062	20.6037	18.9361	17.2906	15.5009	13.6777	11.7522	9.73056	7.65106	5.41954	2.86877	1.56723	0.525501	40.5021	37.5057	32.34	28.6342	25.148	22.43	21.5585
743	33.2168	35.7045	36.571	41.6638	33.2476	35.2699	0.787026	1.88962	3.04429	4.53815	7.25717	9.68598	11.933	14.0239	16.1164	18.1305	19.8691	21.6744	23.5598	25.1497	26.6484	27.8211	29.1861	30.5368	31.4496	30.615	29.5163	27.8673	26.8137	25.2272	23.4311	21.6897	19.9859	18.0962	16.174	14.1204	11.9383	9.70083	7.27452	4.54363	3.0418	1.90652	0.822143	37.0005	32.8934	29.1937	25.6577	22.897	22.0389
743.5	33.3764	35.8772	36.7158	41.8025	33.113	0.782857	2.03267	3.21309	4.5342	6.23582	9.13025	11.7529	14.167	16.3811	18.6154	20.7523	22.5394	24.4283	26.4286	28.0616	29.5877	30.7285	32.1345	33.5706	34.5382	33.664	32.5407	30.7791	29.7808	28.1433	26.2558	24.4466	22.6942	20.7109	18.6978	16.5204	14.1749	11.7777	9.15985	6.23889	4.53113	3.22734	2.06265	0.812285	32.7092	29.711	26.1547	23.3544	22.5109
744	33.5296	36.0377	36.8089	41.4262	0.417529	1.92376	3.23669	4.56489	6.06904	7.96828	11.0344	13.838	16.4124	18.7429	21.1173	23.3742	25.199	27.1667	29.2818	30.9511	32.4978	33.5948	35.0383	36.5619	37.5838	36.672	35.5281	33.6497	32.7212	31.0374	29.0598	27.188	25.3961	23.3244	21.2276	18.9312	16.4235	13.8754	11.0816	7.9739	6.0724	4.57996	3.26292	1.95558	0.410862	30.0472	26.6254	23.8004	22.9741
744.5	33.6725	36.1597	36.3993	0.425443	1.42345	3.02101	4.46813	5.96045	7.64613	9.72951	12.9599	15.9307	18.6557	21.0942	23.6067	25.9808	27.8333	29.8753	32.1055	33.8045	35.3644	36.4043	37.881	39.4937	40.5679	39.622	38.4629	36.4635	35.621	33.8957	31.8293	29.8998	28.0768	25.9216	23.7481	21.3374	18.6709	15.9835	13.0298	9.74139	7.66084	5.97985	4.49473	3.06369	1.42763	29.4042	27.0253	24.2295	23.4274
745	33.7728	35.785	0.440963	1.31109	2.39277	4.10794	5.71917	7.38883	9.2513	11.5065	14.8939	18.0204	20.8866	23.4239	26.0722	28.561	30.4309	32.5427	34.8885	36.6099	38.1744	39.1413	40.6449	42.3473	43.4703	42.4959	41.329	39.205	38.4673	36.7062	34.5525	32.5707	30.7255	28.4915	26.2479	23.7283	20.9065	18.0911	14.9912	11.5274	9.28145	7.41596	5.75125	4.18382	2.46938	28.5794	27.3344	24.6334	23.8684
745.5	33.4479	0.377243	1.24292	2.16553	3.36525	5.20451	6.98445	8.83457	10.8688	13.2864	16.825	20.098	23.0972	25.7242	28.5056	31.1062	32.9827	35.159	37.6204	39.3557	40.914	41.7879	43.3088	45.0997	46.2656	45.2711	44.1075	41.8562	41.2468	39.4571	37.2187	35.191	33.3333	31.0254	28.7191	26.0959	23.1226	20.1893	16.9537	13.3186	10.9183	8.87367	7.02998	5.33165	3.51998	28.415	27.6192	25.0144	24.295
746	0.370454	1.12261	2.01622	3.03046	4.35314	6.31371	8.25799	10.2859	12.4863	15.0586	18.744	22.1566	25.2814	27.989	30.9005	33.6094	35.4799	37.7144	40.2907	42.0289	43.5666	44.3206	45.8432	47.7177	48.9152	47.9153	46.7724	44.3934	43.9434	42.1355	39.8166	37.7512	35.8922	33.5165	31.1553	28.4343	25.313	22.2706	18.9081	15.1042	12.559	10.3409	8.32092	6.49432	4.57165	28.612	27.9292	25.3822	24.7082
746.5	1.04142	1.83303	2.79159	3.9089	5.35491	7.43093	9.53334	11.7344	14.095	16.8158	20.6442	24.1907	27.4342	30.2131	33.2511	36.0637	37.914	40.1981	42.8869	44.6132	46.1096	46.7036	48.1991	50.1431	51.3484	50.372	49.2819	46.7808	46.5352	44.7248	42.3326	40.2409	38.3943	35.958	33.5511	30.7387	27.4728	24.3296	20.8474	16.8767	14.1945	11.8079	9.6132	7.65999	5.61897	28.9718	28.2733	25.7447	25.1106
747	1.72446	2.54329	3.57248	4.79714	6.36433	8.54951	10.8046	13.1742	15.6894	18.5526	22.5207	26.1958	29.5517	32.392	35.5518	38.4622	40.2749	42.5969	45.3928	47.0856	48.507	48.8726	50.2752	52.2409	53.3786	52.5113	51.5527	48.9533	48.9877	47.2012	44.7489	42.6472	40.8306	38.3431	35.9012	33.0047	29.5981	26.3621	22.7669	18.6308	15.8188	13.2675	10.8987	8.82104	6.65819	29.41	28.6434	26.106	25.5052
747.5	2.43127	3.2735	4.36262	5.69065	7.37531	9.6635	12.0668	14.6011	17.2655	20.2657	24.3701	28.1687	31.6301	34.5209	37.7965	40.7968	42.5498	44.8925	47.7846	49.408	50.6906	50.667	51.7023	53.1706	1.44741	53.5755	53.3196	50.7477	51.2349	49.5255	47.039	44.9528	43.1901	40.6639	38.2002	35.2283	31.6851	28.3647	24.6629	20.3628	17.4275	14.7148	12.1724	9.97283	7.68681	29.8873	29.0303	26.467	25.8939
748	3.15414	4.01933	5.15955	6.58561	8.38335	10.7686	13.3166	16.0122	18.8208	21.9525	26.1897	30.1061	33.6655	36.5947	39.9783	43.0571	44.7216	47.0576	50.022	51.5019	52.3712	0.227278	1.22005	2.07196	2.88064	2.01506	0.980715	0.244505	53.0219	51.6152	49.1574	47.1319	45.4578	42.9106	40.4416	37.4048	33.7304	30.3345	26.5329	22.0702	19.018	16.1467	13.431	11.1127	8.70328	30.3838	29.4264	26.8271	26.2778
748.5	3.88385	4.77237	5.95806	7.47829	9.38522	11.8618	14.5515	17.4055	20.3536	23.6112	27.977	32.0053	35.6542	38.6074	42.0883	45.2293	46.7631	49.0335	51.6781	0.419243	1.74597	2.94394	3.89867	4.61666	5.33389	4.57429	3.68893	2.85431	1.67913	0.416667	50.6097	49.1287	47.6108	45.07	42.6175	39.529	35.7301	32.2686	28.3746	23.7511	20.5881	17.5611	14.6726	12.2389	9.70665	30.8884	29.8264	27.1853	26.6573
749	4.61337	5.52575	6.75332	8.36553	10.3786	12.9412	15.77	18.7796	21.8623	25.2401	29.73	33.8633	37.5916	40.5516	44.1138	47.2799	48.1893	0.529304	1.87516	3.1032	4.22284	5.26411	6.17272	6.91403	7.5653	6.88407	6.02488	5.19432	4.16579	3.0978	1.92701	0.557017	49.1678	47.1088	44.7167	41.5947	37.68	34.1643	30.1859	25.4038	22.1366	18.9569	15.8961	13.3507	10.6964	31.3946	30.2265	27.5405	27.0322
749.5	5.33815	6.27491	7.54185	9.24496	11.3619	14.0057	16.9709	20.1335	23.346	26.838	31.4467	35.6766	39.4719	42.4095	45.8594	0.325888	1.80802	3.11542	4.26766	5.38224	6.46969	7.50997	8.46335	9.26448	9.8895	9.24813	8.37559	7.46801	6.4469	5.39865	4.31353	3.13396	1.79968	0.337405	46.5477	43.586	39.5746	36.0185	31.965	27.0269	23.6624	20.3331	17.1007	14.4475	11.6721	31.8985	30.6243	27.8916	27.4023
750	6.05547	7.01706	8.32139	10.115	12.3339	15.0542	18.1534	21.4664	24.8037	28.4035	33.1246	37.439	41.2417	21.2718	1.31207	2.80103	4.14386	5.36632	6.52139	7.66355	8.79998	9.88347	10.9032	11.7709	12.4002	11.7678	10.8687	9.86704	8.81106	7.69889	6.55735	5.37298	4.12966	2.80768	1.30394	22.9859	41.3611	37.825	33.7094	28.6192	25.1646	21.689	18.2859	15.5288	12.6336	32.3975	31.0179	28.2378	27.7671
750.5	6.76376	7.75061	9.09064	10.9746	13.2939	16.0863	19.3172	22.7776	26.2345	29.9345	34.7529	38.9945	0.366569	2.09475	3.62121	5.02329	6.35555	7.62815	8.87098	10.0878	11.2963	12.4272	13.5137	14.45	15.1036	14.4596	13.5291	12.4303	11.3354	10.1355	8.89319	7.63029	6.34428	5.01751	3.60973	2.07667	0.376881	39.4294	35.4092	30.1786	26.6422	23.024	19.4515	16.5945	13.5809	32.8899	31.4062	28.5785	28.1262
751	7.46218	8.47468	9.84883	11.8232	14.2415	17.1016	20.4616	24.0665	27.6363	31.4154	36.0364	0.710814	2.59957	4.25951	5.78568	7.24798	8.64648	10.014	11.3726	12.6745	13.9559	15.1244	16.2725	17.2798	17.97	17.3015	16.3379	15.1414	14.0188	12.7305	11.3774	10.0163	8.64673	7.23476	5.77657	4.24748	2.6093	0.709843	36.7776	31.69	28.0933	24.3375	20.597	17.6444	14.5137	33.3746	31.788	28.9132	28.4794
751.5	8.15029	9.18878	10.5955	12.6603	15.1763	18.0998	21.5863	25.3314	28.9944	32.6119	0.688815	2.84041	4.68134	6.38101	8.00129	9.57543	11.0611	12.5349	14.016	15.3988	16.7455	17.9375	19.1417	20.2225	20.9573	20.2562	19.2595	17.9644	16.8306	15.461	13.9991	12.5396	11.0798	9.55776	8.00071	6.38254	4.68671	2.83867	0.685948	32.9197	29.5042	25.6278	21.7221	18.6784	15.4321	33.8507	32.163	29.2414	28.8263
752	8.82789	9.89267	11.3305	13.4859	16.0981	19.0805	22.6898	26.5624	30.2118	6.99732	2.69861	4.8422	6.7658	8.56381	10.3134	12.0154	13.5869	15.165	16.7679	18.2224	19.6244	20.8257	22.0813	23.2383	24.0227	23.2844	22.2555	20.8597	19.7317	18.2895	16.7241	15.1728	13.6293	11.9938	10.3256	8.58538	6.76897	4.84127	2.69782	4.23659	30.7815	26.8856	22.8255	19.6962	16.3361	34.3177	32.5304	29.5628	29.1668
752.5	9.4949	10.5863	12.0538	14.2997	17.0068	20.043	23.7677	27.7204	30.4551	1.86933	4.63825	6.86502	8.90572	10.8227	12.7127	14.5448	16.1923	17.8686	19.5904	21.1069	22.5547	23.7521	25.0555	26.2916	27.1286	26.3505	25.2909	23.7918	22.6851	21.1785	19.5145	17.8797	16.263	14.5186	12.7416	10.8712	8.9089	6.86876	4.64325	1.888	31.0977	28.0726	23.9028	20.6971	17.2255	34.775	32.8901	29.8773	29.5007
753	10.1513	11.2695	12.7652	15.1017	17.9019	20.9855	24.8093	28.7413	29.3055	3.74503	6.55185	8.91938	11.1036	13.1419	15.1733	17.1326	18.8442	20.612	22.4502	24.02	25.5052	26.6866	28.0347	29.3527	30.2441	29.4253	28.3372	26.7312	25.6604	24.0958	22.3372	20.6261	18.9474	17.1008	15.2224	13.2242	11.1084	8.93108	6.56774	3.76528	30.0186	29.1259	24.9432	21.6794	18.0999	35.2222	33.2418	30.1847	29.8278
753.5	10.7972	11.9424	13.4648	15.8916	18.783	21.9062	25.8111	29.6733	29.162	5.63095	8.51547	11.0144	13.3414	15.4966	17.6677	19.7504	21.5143	23.3675	25.3208	26.9362	28.4515	29.6055	30.9956	32.3981	33.3444	32.4854	31.3715	29.6545	28.6336	27.0163	25.1656	23.3847	21.654	19.7119	17.7404	15.6193	13.3489	11.0367	8.54621	5.65483	29.907	30.0911	25.9429	22.6411	18.959	35.6585	33.5851	30.4848	30.1481
754	11.4325	12.605	14.1525	16.6695	19.6497	22.8048	26.7809	30.5989	29.8467	7.51573	10.5102	13.1396	15.6015	17.865	20.1731	22.3755	24.1807	26.1142	28.1821	29.8363	31.3749	32.4898	33.9188	35.408	36.4089	35.5114	34.3752	32.5431	31.5863	29.9209	27.9798	26.1343	24.361	22.329	20.2725	18.0344	15.6126	13.175	10.5599	7.54518	30.6427	31.0493	26.91	23.582	19.8023	36.0833	33.9198	30.7777	30.4616
754.5	12.0574	13.2572	14.8285	17.4352	20.5019	23.6829	27.7295	31.5537	30.8191	9.39157	12.5138	15.2759	17.8672	20.2299	22.6719	24.9908	26.8269	28.8362	31.0189	32.7054	34.26	35.3232	36.7872	38.365	39.4191	38.486	37.3323	35.3808	34.5035	32.7947	30.7644	28.8594	27.052	24.9354	22.8013	20.4521	17.8825	15.3267	12.5864	9.42841	31.6704	32.0366	27.8553	24.5036	20.6298	36.4961	34.2455	31.0631	30.7681
755	12.672	13.8993	15.4926	18.1887	21.3401	24.5424	28.6633	32.5349	31.9112	11.2515	14.5106	17.4073	20.1243	22.5785	25.1517	27.584	29.4407	31.5212	33.8192	35.531	37.0937	38.0903	39.584	41.2513	42.3559	41.3918	40.2272	38.1523	37.3722	35.6253	33.507	31.5478	29.715	27.5186	25.3142	22.8593	20.1445	17.4758	14.6098	11.2975	32.8189	33.0505	28.7856	25.4079	21.4419	36.8972	34.5623	31.341	31.0677
755.5	13.2762	14.5311	16.1451	18.9302	22.1644	25.3847	29.5845	33.5305	33.0549	13.0904	16.4907	19.5229	22.3626	24.901	27.6031	30.1458	32.0122	34.159	36.5723	38.3015	39.8625	40.7745	42.2897	44.0462	45.1964	44.2085	43.0423	40.841	40.1794	38.4009	36.1969	34.1893	32.3406	30.0695	27.802	25.2466	22.3882	19.611	16.6204	13.1471	34.02	34.0793	29.7033	26.2964	22.2391	37.2868	34.8702	31.6115	31.3603
756	13.8703	15.1529	16.786	19.6597	22.9753	26.2106	30.4929	34.5296	34.2174	14.9045	18.4481	21.615	24.5746	27.1902	30.0189	32.6686	34.5329	36.7398	39.2682	41.0047	42.5512	43.3548	44.8787	46.7215	47.9084	46.9084	45.7551	43.4259	42.9105	41.1094	38.823	36.7746	34.9206	32.5806	30.2576	27.6067	24.6061	21.725	18.6116	14.9735	35.2408	35.112	30.6082	27.1697	23.0218	37.6657	35.1694	31.8746	31.6459
756.5	14.4542	15.7645	17.4154	20.3773	23.7729	27.0204	31.3874	35.5237	35.3806	16.6915	20.3784	23.6787	26.7548	29.4405	32.393	35.1457	36.9942	39.2535	41.8952	43.626	45.1401	45.8014	47.3118	49.2313	50.4379	49.4473	48.3315	45.877	45.5462	43.7357	41.373	39.2938	37.4473	35.0451	32.6752	29.9342	26.793	23.8126	20.5795	16.7743	36.4637	36.1403	31.4992	28.0282	23.7903	38.0341	35.4601	32.1303	31.9246
757	15.028	16.3662	18.0333	21.0833	24.5574	27.814	32.2663	36.5067	36.5333	18.4496	22.2791	25.7104	28.8989	31.6467	34.7196	37.5702	39.3867	41.6881	44.4389	46.1455	47.5998	48.0645	49.5154	51.4832	52.6647	51.7355	50.7101	48.1441	48.0583	46.2597	43.8311	41.7352	39.9122	37.4564	35.0493	32.2244	28.9445	25.8704	22.5212	18.5477	37.6779	37.1582	32.3746	28.8719	24.5447	38.3926	35.7424	32.3789	32.1964
757.5	15.5919	16.9579	18.64	21.7775	25.3287	28.5912	33.1282	37.4739	37.6683	20.1774	24.1478	27.707	31.0033	33.8041	36.9929	39.9345	41.6992	44.0277	46.8793	48.5325	49.8786	50.0378	51.2915	53.1641	54.0225	53.4771	52.7369	50.1193	50.3969	48.6497	46.175	44.0838	42.3054	39.8071	37.3746	34.4731	31.057	27.8955	24.4348	20.2924	38.8764	38.1611	33.233	29.7003	25.2851	38.7412	36.0166	32.6204	32.4615
758	16.146	17.5398	19.2354	22.4601	26.0868	29.3516	33.9717	38.4215	38.7804	21.8737	25.9828	29.6661	33.0644	35.9077	39.206	42.2293	43.9165	46.2495	49.1843	50.7311	51.8558	51.2228	0.234388	0.883692	1.73408	0.82118	0.843057	51.318	52.4462	50.8472	48.3686	46.3178	44.6136	42.0881	39.645	36.6757	33.1271	29.8854	26.3184	22.0072	40.054	39.1455	34.073	30.5132	26.0115	39.0801	36.2829	32.8549	32.7199
758.5	16.6902	18.112	19.8197	23.131	26.8317	30.0949	34.7954	39.3468	39.8654	23.5375	27.7823	31.5849	35.0783	37.9518	41.3509	44.4423	46.0165	48.3153	51.2778	51.8081	0.602734	1.91396	2.9456	3.68639	4.43746	3.63947	2.71838	1.82071	0.545544	51.9364	50.3262	48.4012	46.8181	44.2878	41.853	38.8273	35.1512	31.8377	28.1704	23.6911	41.2069	40.1084	34.8933	31.31	26.7237	39.4093	36.5413	33.0827	32.9717
759	17.2248	18.6744	20.393	23.7904	27.5632	30.8207	35.5983	40.2471	40.9199	25.1676	29.5446	33.4608	37.0409	39.9294	43.4169	46.5548	47.9361	48.3121	0.793504	2.13602	3.3194	4.39301	5.30207	6.02632	6.69847	5.9913	5.12932	4.31392	3.25395	2.12699	0.847479	47.9221	48.8618	46.3882	43.9891	40.922	37.1252	33.7497	29.9892	25.343	42.3317	41.0475	35.6926	32.0905	27.4217	39.7287	36.792	33.3037	33.217
759.5	17.7497	19.2272	20.9552	24.4382	28.2812	31.5286	36.3793	41.1201	41.9406	26.7627	31.2677	35.2906	38.9469	41.8306	45.3689	47.7782	0.767466	2.17576	3.37813	4.51207	5.5972	6.62895	7.56024	8.33672	8.9676	8.31507	7.45008	6.57602	5.5603	4.5195	3.42637	2.20019	0.763123	47.5627	46.0205	42.9513	39.0444	35.6188	31.7731	26.9617	43.4255	41.9605	36.4701	32.8541	28.1054	40.0383	37.0349	33.5181	33.4558
760	18.2651	19.7704	21.5066	25.0743	28.9855	32.2182	37.1374	41.9638	42.9245	28.3216	32.9494	37.0703	40.7821	43.4639	0.351097	1.87066	3.26897	4.50154	5.64118	6.76442	7.87739	8.94238	9.93576	10.7773	11.4021	10.7691	9.88121	8.91668	7.876	6.79326	5.68156	4.51194	3.25603	1.88258	0.345471	44.7366	40.8946	37.4409	33.52	28.5459	44.4852	42.8453	37.2246	33.6004	28.7746	40.338	37.2701	33.726	33.6883
760.5	18.7711	20.3042	22.0471	25.6989	29.6761	32.8893	37.8716	42.7761	43.8685	29.8425	34.585	38.7617	41.1037	1.17274	2.75631	4.16487	5.48947	6.73605	7.94073	9.12668	10.3066	11.42	12.4811	13.3905	14.0329	13.3953	12.4773	11.4162	10.3355	9.17021	7.96868	6.73928	5.47608	4.16358	2.74617	1.1554	41.1702	39.1792	35.2256	30.0941	45.508	43.6999	37.9553	34.3289	29.4292	40.6278	37.4977	33.9274	33.9146
761	19.2677	20.8284	22.5768	26.3118	30.3528	33.5414	38.5811	43.5546	44.768	31.3183	36.1017	1.90733	1.74605	3.42845	4.93646	6.36768	7.73848	9.06863	10.382	11.6516	12.9057	14.0614	15.1863	16.1658	16.8406	16.1828	15.2321	14.0736	12.9598	11.7048	10.3941	9.07053	7.7334	6.35698	4.92559	3.41277	1.75814	1.69283	36.8203	31.5994	46.4892	44.522	38.6611	35.0394	30.069	40.9075	37.7176	34.1225	34.1346
761.5	19.7551	21.3433	23.0959	26.913	31.0156	34.1743	39.2645	44.2945	45.5945	32.658	0.776171	2.05628	3.87542	5.54223	7.1194	8.64966	10.1039	11.5385	12.9735	14.3267	15.6496	16.8344	18.0175	19.0694	19.7862	19.0985	18.1146	16.8578	15.7262	14.3866	12.9656	11.5422	10.1148	8.63368	7.11495	5.53757	3.88255	2.05689	0.642701	32.9722	47.4013	45.3067	39.3409	35.7314	30.694	41.1771	37.9301	34.3113	34.3486
762	20.2332	21.8489	23.6042	27.5026	31.6641	34.7872	39.9183	44.9659	46.0714	31.1185	2.03019	4.08402	5.94233	7.69228	9.3911	11.0463	12.589	14.1298	15.6875	17.1164	18.4986	19.6981	20.9344	22.0614	22.8261	22.1027	21.0861	19.7296	18.5971	17.1816	15.6547	14.1365	12.6216	11.0264	9.39782	7.70498	5.9462	4.08366	2.03164	31.2907	47.9694	46.0243	39.991	36.404	31.3039	41.4366	38.135	34.4939	34.5565
762.5	20.7022	22.3452	24.1019	28.0805	32.2981	35.3782	40.5234	45.2621	0.335778	1.52112	3.97615	6.08148	8.05152	9.91905	11.7572	13.5434	15.1668	16.8088	18.4866	19.9813	21.413	22.6136	23.8989	25.104	25.9203	25.1578	24.1099	22.6512	21.5342	20.0512	18.4238	16.8186	15.226	13.5191	11.779	9.9559	8.05449	6.08419	3.98099	1.54224	0.35953	46.3224	40.5911	37.0551	31.8984	41.6858	38.3324	34.6704	34.7584
763	21.1621	22.8322	24.5891	28.6465	32.9151	35.9095	38.8711	0.823699	1.90313	3.24396	5.82968	8.10451	10.2222	12.2144	14.1956	16.1112	17.8038	19.54	21.3353	22.8866	24.3588	25.5481	26.8793	28.1652	29.0353	28.2323	27.155	25.5908	24.5041	22.9607	21.2373	19.553	17.8939	16.0817	14.2362	12.2824	10.2261	8.1133	5.84085	3.25728	1.91623	0.864256	35.9146	37.6405	32.4744	41.9242	38.5224	34.8408	34.9544
763.5	21.6131	23.3101	25.0655	29.1966	33.4617	33.3697	1.07096	2.19	3.38198	4.92568	7.68118	10.1529	12.4365	14.5546	16.6783	18.7195	20.4694	22.2934	24.2043	25.8041	27.3092	28.4755	29.8497	31.2192	32.1441	31.3006	30.1963	28.5227	27.4806	25.8825	24.066	22.3094	20.5944	18.6838	16.7412	14.6603	12.4424	10.1697	7.701	4.93259	3.38635	2.21839	1.13327	8.90691	32.965	42.1394	38.7037	35.0052	35.1446
764	22.0551	23.7784	25.5272	29.6902	32.8643	1.02253	2.30291	3.51865	4.88189	6.63164	9.56241	12.2253	14.675	16.9149	19.1799	21.3433	23.139	25.0455	27.0711	28.7123	30.2434	31.3752	32.7896	34.2449	35.2247	34.342	33.2139	31.4268	30.4431	28.7952	26.8877	25.0644	23.303	21.3001	19.2683	17.0647	14.6835	12.2526	9.59555	6.6372	4.88695	3.54348	2.35196	1.1148	31.7045	42.1946	38.8629	35.162	35.3288
764.5	22.4878	24.2349	25.958	29.9322	0.54922	2.16436	3.51485	4.88158	6.42836	8.37245	11.4733	14.3138	16.9215	19.2759	21.6806	23.9631	25.7943	27.7785	29.9189	31.595	33.1449	34.2301	35.6812	37.2245	38.2581	37.3385	36.1909	34.286	33.3756	31.6824	29.6852	27.8005	26.0014	23.9114	21.7976	19.476	16.9334	14.3543	11.5252	8.38136	6.44047	4.90661	3.55815	2.2456	0.766339	40.4231	38.9366	35.303	35.5055
765	22.9098	24.6727	26.3051	29.0594	1.5801	3.26504	4.7554	6.28805	8.01453	10.1394	13.4027	16.4074	19.1635	21.6237	24.1658	26.565	28.4215	30.479	32.7345	34.4388	36.0001	37.0248	38.5079	40.1404	41.2258	40.2731	39.1118	37.0851	36.2646	34.5311	32.4454	30.5042	28.6761	26.5036	24.3147	21.8801	19.1795	16.4639	13.4784	10.1551	8.03828	6.31596	4.79251	3.34108	1.76164	0.730028	35.9824	35.3707	35.667
765.5	23.3183	25.0844	26.568	28.3037	2.62802	4.38304	6.0186	7.72457	9.62531	11.9191	15.3379	18.4958	21.3911	23.9479	26.6252	29.1383	31.0099	33.1359	35.5071	37.2319	38.7956	39.7433	41.2515	42.9736	44.1067	43.1271	41.9601	39.808	39.0972	37.3293	35.1569	33.1648	31.3166	29.0664	26.8091	24.2669	21.412	18.5709	15.4418	11.9441	9.66423	7.75697	6.04748	4.4392	2.72722	1.60219	0.737767	33.8387	35.7373
766	23.7118	25.4739	26.8176	28.2055	3.68339	5.52392	7.3014	9.17756	11.2458	13.6992	17.2678	20.5705	23.5968	26.2412	29.0509	31.6751	33.5503	35.7396	38.2262	39.9627	41.5174	42.3667	43.8894	45.6994	46.8734	45.8763	44.7158	42.4361	41.8597	40.0654	37.8089	35.7726	33.9143	31.5916	29.2733	26.6289	23.6234	20.6665	17.404	13.7354	11.3027	9.21452	7.31656	5.55229	3.70069	2.45997	1.53467	0.608995	34.5951
766.5	24.0913	25.8508	27.0942	28.4236	4.73898	6.67417	8.59357	10.6359	12.8648	15.47	19.184	22.6248	25.7749	28.4977	31.4367	34.1681	36.0344	38.2801	40.8812	42.6177	44.1478	44.8696	46.3891	48.2807	49.4826	48.4847	47.3503	44.9435	44.5351	42.7255	40.3898	38.3181	36.4614	34.0724	31.7013	28.9605	25.8079	22.7439	19.3561	15.5188	12.9417	10.6772	8.59253	6.67936	4.68915	3.32947	2.30837	1.34386	0.549683
767	24.4595	26.2222	27.4022	28.7858	5.78988	7.82291	9.88491	12.0906	14.4743	17.2247	21.0804	24.6534	27.9208	30.7126	33.7769	36.6109	38.4532	40.7462	43.4589	45.1794	46.6619	47.212	48.6944	50.6495	51.8499	50.8864	49.8161	47.2901	47.0994	45.292	42.8853	40.7905	38.9498	36.5021	34.0876	31.2571	27.9608	24.7978	21.2918	17.2873	14.5733	12.1368	9.86859	7.81467	5.6885	4.2104	3.08378	2.04183	1.22045
767.5	24.8189	26.5915	27.7345	29.2196	6.83277	8.96336	11.1681	13.5351	16.0686	18.9585	22.9523	26.6525	30.0304	32.8811	36.066	38.9961	40.7962	43.1237	45.9418	47.6222	49.0193	49.3175	50.6794	52.6304	53.7184	52.9134	52.0112	49.3987	49.5134	47.7385	45.2762	43.176	41.3702	38.8738	36.4271	33.5144	30.0783	26.8243	23.2064	19.036	16.192	13.5879	11.139	8.95179	6.6927	5.09948	3.86828	2.7526	1.91229
768	25.1717	26.96	28.0828	29.6901	7.86546	10.0915	12.4386	14.9652	17.644	20.668	24.7966	28.6185	32.1	34.9986	38.2976	41.3152	43.05	45.393	48.3034	49.903	51.1377	50.9711	51.7005	4.37186	0.473307	9.21862	53.5205	51.0503	51.6979	50.0202	47.5329	45.4561	43.7107	41.1792	38.7141	35.7282	32.1566	28.8201	25.0968	20.7617	17.7943	15.0265	12.3995	10.0854	7.69657	5.99342	4.66461	3.48462	2.6283
768.5	25.5192	27.3277	28.4404	30.1791	8.88654	11.205	13.6934	16.3781	19.198	22.3509	26.6106	30.5486	34.126	37.0596	40.4644	43.5574	45.1955	47.5235	50.4967	51.9084	50.0835	0.750458	1.89404	2.69318	3.4795	2.64062	1.65635	0.662853	51.8091	52.0202	49.6018	47.6017	45.9552	43.4079	40.9418	37.8937	34.1922	30.7821	26.9603	22.4621	19.3779	16.45	13.6468	11.2117	8.69618	6.88852	5.46866	4.23029	3.35915
769	25.8621	27.6937	28.8023	30.6764	9.89516	12.3025	14.931	17.7719	20.7288	24.0053	28.3919	32.4398	36.1043	39.0581	42.5571	45.7074	47.201	49.4104	4.42284	1.05782	2.35389	3.49252	4.42188	5.13769	5.83676	5.09792	4.22484	3.4061	2.28592	1.05188	2.17825	49.5106	48.0766	45.5453	43.1019	40.0057	36.1812	32.7078	28.7948	24.1355	20.9409	17.8566	14.8789	12.328	9.68859	7.78106	6.27473	4.98101	4.09596
769.5	26.2005	28.0571	29.1649	31.1755	10.8908	13.3832	16.1502	19.1455	22.2351	25.6296	30.1386	34.2891	38.0301	40.986	44.5602	47.6964	4.68965	1.14971	2.44971	3.63044	4.72992	5.76308	6.67742	7.43067	8.07266	7.40373	6.54366	5.69929	4.67965	3.62924	2.49997	1.17837	4.39661	47.5217	45.1805	42.0572	38.1192	34.5941	30.5983	25.7802	22.4824	19.245	16.0943	13.4326	10.6716	8.66797	7.07804	5.73041	4.83236
770	26.5342	28.417	29.5256	31.6728	11.8731	14.4465	17.3505	20.498	23.7158	27.2224	31.8483	36.0931	39.8966	42.8074	45.43	0.881013	2.36714	3.6329	4.77263	5.88582	6.98008	8.02819	8.99566	9.81129	10.435	9.79797	8.92031	7.99242	6.96537	5.90713	4.81678	3.64819	2.35668	0.89563	46.1477	44.0153	39.9994	36.438	32.369	27.3952	24.0011	20.6143	17.2921	14.5242	11.6438	9.54701	7.87531	6.4744	5.56432
770.5	26.8631	28.7728	29.8828	32.1655	12.8419	15.4923	18.5312	21.8288	25.1699	28.7822	33.5184	37.8409	41.5679	0.292705	1.86548	3.31127	4.64016	5.8666	7.03673	8.19324	9.34482	10.4392	11.4741	12.3569	12.9901	12.3567	11.451	10.4277	9.36271	8.23189	7.06994	5.87172	4.62588	3.31487	1.85712	0.280455	41.6863	38.2291	34.1042	28.9789	25.4962	21.9639	18.4716	15.602	12.604	10.4167	8.66445	7.21053	6.28939
771	27.1869	29.1236	30.2352	32.6521	13.797	16.5203	19.6921	23.1372	26.5965	30.3064	35.1275	39.0383	0.861352	2.60071	4.10996	5.51729	6.86027	8.15173	9.41896	10.6545	11.8796	13.02	14.1206	15.0725	15.7333	15.0849	14.1471	13.0266	11.9244	10.7044	9.43766	8.15362	6.85091	5.50947	4.09855	2.58386	0.876607	39.468	35.7837	30.5289	26.9669	23.2929	19.6323	16.6655	13.5516	11.276	9.4442	7.93739	7.00621
771.5	27.5052	29.469	30.5818	33.1314	14.7384	17.5303	20.8328	24.4226	27.9926	31.7658	35.9089	1.19747	3.07671	4.73543	6.27667	7.76107	9.17813	10.569	11.9546	13.2751	14.5718	15.7467	16.9078	17.9311	18.6307	17.9555	16.9846	15.7663	14.6399	13.3327	11.955	10.5717	9.18197	7.74669	6.26916	4.72653	3.08735	1.20204	36.6394	32.0162	28.4102	24.6009	20.7738	17.7142	14.4861	12.1245	10.2139	8.65422	7.71401
772	27.8178	29.8086	30.9219	33.6025	15.666	18.5223	21.953	25.6823	29.3337	32.6543	1.14303	3.29802	5.14871	6.86598	8.51308	10.1148	11.62	13.1173	14.6257	16.0253	17.385	18.5802	19.7962	20.8936	21.6391	20.9301	19.9262	18.6089	17.4751	16.0887	14.6033	13.1227	11.6435	10.0962	8.51503	6.87184	5.15507	3.3008	1.15155	32.9184	29.8024	25.8851	21.8954	18.7478	15.4073	12.9616	10.973	9.36061	8.41238
772.5	28.1244	30.142	31.2551	34.0648	16.5798	19.496	23.0507	26.9034	30.4851	0.458337	3.14997	5.29562	7.24275	9.0666	10.8468	12.5776	14.1667	15.7672	17.3967	18.8658	20.2786	21.48	22.7464	23.9208	24.7167	23.9696	22.9339	21.5154	20.391	18.934	17.3462	15.7757	14.2151	12.5549	10.8624	9.09391	7.24715	5.29982	3.16026	0.484522	31.0072	27.1329	22.9954	19.7659	16.3149	13.7874	11.7214	10.0564	9.10114
773	28.4247	30.4688	31.5809	34.5177	17.4795	20.4504	24.1201	28.0325	30.272	2.29443	5.06699	7.32595	9.39756	11.3413	13.2626	15.1231	16.7856	18.4826	20.2303	21.7593	23.216	24.4106	25.7241	26.9782	27.8271	27.04	25.9741	24.4515	23.3518	21.8319	20.1466	18.4943	16.8631	15.0956	13.2956	11.3971	9.40228	7.33519	5.08337	2.33275	30.8547	28.2913	24.0678	20.7677	17.2088	14.6015	12.459	10.7414	9.78021
773.5	28.7187	30.789	31.899	34.9607	18.3649	21.3836	25.1503	29.0241	29.1478	4.17458	6.9922	9.38969	11.6064	13.671	15.7334	17.7202	19.444	21.231	23.0948	24.6751	26.1675	27.3435	28.7011	30.0377	30.9412	30.1135	29.0195	27.3891	26.3286	24.7519	22.9727	21.2458	19.5549	17.6868	15.7874	13.762	11.6129	9.40747	7.02056	4.21477	29.8071	29.318	25.102	21.751	18.0884	15.404	13.1858	11.4157	10.4496
774	29.0062	31.1022	32.2091	35.3928	19.2353	22.2938	26.1406	29.9447	29.2614	6.06172	8.96583	11.4937	13.8512	16.0309	18.2324	20.3416	22.1152	23.9863	25.9649	27.5893	29.1102	30.2562	31.6551	33.0767	34.0351	33.1675	32.0484	30.3062	29.2987	27.6705	25.7996	24.0041	22.2635	20.3012	18.3107	16.1638	13.8607	11.5228	9.01023	6.10582	29.9809	30.2775	26.0977	22.7144	18.9534	16.1945	13.9016	12.0793	11.1092
774.5	29.2871	31.4083	32.5108	35.8136	20.0905	23.1814	27.1006	30.8716	30.0344	7.94587	10.965	13.6236	16.1145	18.4003	20.7379	22.9661	24.7785	26.7289	28.8221	30.4838	32.0263	33.1305	34.5675	36.0762	37.089	36.1835	35.0431	33.1847	32.2447	30.5695	28.6085	26.7496	24.9683	22.9175	20.8437	18.5813	16.1278	13.6665	11.0294	7.99585	30.8157	31.2448	27.0642	23.6582	19.8034	16.9732	14.6064	12.7323	11.7592
775	29.5612	31.7071	32.8039	36.2226	20.9305	24.0482	28.0408	31.8293	31.0425	9.81941	12.9689	15.7606	18.3799	20.763	23.2338	25.5776	27.4186	29.4437	31.6518	33.3442	34.9011	35.9504	37.4214	39.019	40.0845	39.1442	37.9876	36.009	35.1521	33.4347	31.3848	29.4676	27.6542	25.5199	23.3702	20.9981	18.3976	15.8196	13.0571	9.8771	31.8849	32.2434	28.0116	24.5838	20.6386	17.7398	15.3004	13.3745	12.3996
775.5	29.8287	31.9986	33.0884	36.62	21.7558	24.8963	28.9667	32.8113	32.1503	11.6758	14.9634	17.89	20.6341	23.1068	25.7084	28.1648	30.0239	32.1191	34.4425	36.1585	37.7214	38.7005	40.1996	41.8868	43.0019	42.032	40.8662	38.7635	38.0083	36.254	34.1167	32.1465	30.3098	28.0969	25.8786	23.4021	20.6569	17.9671	15.0792	11.7429	33.0535	33.2664	28.9454	25.493	21.4592	18.4944	15.9834	14.0063	13.0304
776	30.0893	32.2827	33.3642	37.0063	22.5668	25.7271	29.8802	33.8054	33.3005	13.5101	16.9396	20.0014	22.8676	25.4229	28.1527	30.7188	32.5849	34.7451	37.1838	38.9151	40.4737	41.3634	42.8817	44.6578	45.8169	44.8253	43.6607	41.431	40.7998	39.0158	36.7933	34.7764	32.9261	30.6398	28.3601	25.7842	22.896	20.0988	17.0866	13.5882	34.2649	34.3014	29.8669	26.3871	22.2656	19.2371	16.6556	14.6275	13.6517
776.5	30.3431	32.5594	33.6316	37.382	23.3639	26.5413	30.7805	34.8011	34.4646	15.319	18.8919	22.0882	25.0733	27.7043	30.56	33.2322	35.0932	37.3119	39.8654	41.6014	43.1421	43.9168	45.4399	47.3008	48.494	47.4939	46.3465	43.989	43.5115	41.7073	39.4036	37.3479	35.495	33.1412	30.808	28.138	25.1079	22.2079	19.0736	15.4097	35.491	35.3383	30.7755	27.2664	23.0581	19.968	17.317	15.2382	14.2635
777	30.5903	32.8289	33.8908	37.7475	24.1472	27.3392	31.6665	35.7903	35.6263	17.1003	20.8165	24.1456	27.2463	29.9455	32.9242	35.6984	37.5401	39.8092	42.4752	44.2019	45.7051	46.3278	47.8299	49.7638	50.9702	49.987	48.8855	46.4044	46.1225	44.3128	41.9346	39.8508	38.0088	35.5947	33.2167	30.4579	27.2877	24.2898	21.0366	17.2051	36.7161	36.3693	31.67	28.1313	23.837	20.6873	17.9676	15.8386	14.866
777.5	30.8307	33.0911	34.142	38.1031	24.917	28.1206	32.5365	36.7671	36.7757	18.8523	22.7108	26.1702	29.3824	32.1416	35.2397	38.1103	39.916	42.2241	44.9979	46.695	48.1299	48.5386	49.9637	51.9325	53.0929	52.1949	51.2049	48.6189	48.6012	46.8101	44.3694	42.273	40.4588	37.9934	35.5808	32.7397	29.4314	26.3411	22.9729	18.9729	37.9305	37.3887	32.5487	28.9814	24.6022	21.3949	18.6076	16.4287	15.4591
778	31.0646	33.3463	34.3854	38.4489	25.6731	28.8853	33.389	37.7272	37.906	20.5738	24.5727	28.1592	31.4778	34.2877	37.5004	40.4601	42.2088	44.5397	47.4114	49.0461	50.3562	50.4161	51.566	53.3045	53.3741	53.6496	53.0983	50.4974	50.8894	49.1636	46.6835	44.5982	42.8344	40.3295	37.8946	34.9788	31.5352	28.3591	24.8805	20.7116	39.128	38.3923	33.4101	29.8166	25.3539	22.091	19.237	17.0086	16.0429
778.5	31.292	33.5944	34.6211	38.785	26.4156	29.6328	34.2226	38.667	39.0123	22.2635	26.4005	30.11	33.5291	36.3788	39.6993	42.738	44.4021	46.7308	49.6793	51.1884	52.2117	21.9644	0.706358	1.58844	2.41547	1.52801	0.486109	46.2708	52.8258	51.303	48.8359	46.8024	45.1214	42.5937	40.152	37.1709	33.5958	30.3414	26.7579	22.4202	40.3037	39.3768	34.253	30.6364	26.092	22.7756	19.8559	17.5784	16.6176
779	31.513	33.8357	34.8492	39.1114	27.1444	30.3629	35.036	39.5835	40.0905	23.9203	28.1923	32.0199	35.5323	38.4089	41.8278	44.9306	46.4715	48.751	51.6526	0.289473	1.27238	2.52453	3.50576	4.2297	4.9608	4.18546	3.28776	2.43308	1.20729	0.287849	50.6583	48.8421	47.299	44.7732	42.3451	39.3107	35.6095	32.2854	28.6033	24.0977	41.4539	40.3395	35.0761	31.4404	26.8164	23.4486	20.4643	18.1382	17.1831
779.5	31.7277	34.0701	35.0699	39.428	27.8592	31.075	35.8281	40.4744	41.1373	25.5431	29.9465	33.8862	37.483	40.3707	43.8743	47.0143	48.2642	0.22124	1.43029	2.70571	3.8472	4.89884	5.80568	6.53892	7.19811	6.50679	5.64734	4.82493	3.786	2.69807	1.48366	0.224315	49.221	46.8451	44.4636	41.392	37.5721	34.1886	30.4151	25.7429	42.5755	41.2779	35.8783	32.2281	27.5271	24.1102	21.0623	18.688	17.7395
780	31.9362	34.2979	35.2831	39.7348	28.56	31.7688	36.5977	41.3373	42.1495	27.1306	31.6609	35.7056	39.3758	42.2513	45.7594	0.743944	1.37518	2.72664	3.89561	5.0157	6.10057	7.1363	8.07983	8.87031	9.4971	8.85173	7.98275	7.08975	6.07184	5.02839	3.94262	2.74778	1.36871	0.631861	46.4315	43.4036	39.4784	36.0481	32.1915	27.3547	43.6655	42.1899	36.6586	32.9993	28.2238	24.7603	21.65	19.228	18.2869
780.5	32.1386	34.5189	35.489	40.0317	29.2467	32.444	37.3439	42.1701	43.124	28.6814	33.3334	37.473	41.1806	43.198	0.893431	2.41474	3.77625	5.00108	6.14841	7.28185	8.40796	9.4835	10.492	11.3485	11.9755	11.3433	10.4491	9.46329	8.41392	7.31461	6.18635	5.00923	3.7625	2.42391	0.886136	44.5358	41.299	37.859	33.9305	28.9318	44.721	43.0735	37.4161	33.7535	28.9065	25.3988	22.2273	19.7581	18.8254
781	32.335	34.7334	35.6875	40.3185	29.919	33.1001	38.0657	42.9706	44.0576	30.1935	34.9562	39.1088	0.453754	1.70948	3.25611	4.65892	5.98736	7.24891	8.47561	9.67944	10.8759	11.9996	13.0754	14.0002	14.6487	14.0078	13.0827	11.9999	10.9108	9.72551	8.50034	7.25146	5.97508	4.65503	3.2451	1.69143	0.39749	39.5433	35.6248	30.4722	45.7389	43.9267	38.1497	34.4903	29.5751	26.0259	22.7944	20.2785	19.355
781.5	32.5255	34.9414	35.8788	40.5954	30.5768	33.7368	38.7621	43.7363	44.9441	31.6548	36.365	0.408734	2.2485	3.90656	5.42259	6.87165	8.2593	9.61183	10.9518	12.2405	13.5106	14.6739	15.8123	16.8077	17.4911	16.8274	15.8694	14.689	13.5699	12.2954	10.9598	9.61397	8.25721	6.85951	5.41259	3.89267	2.25932	0.408789	37.1157	31.9642	46.7134	44.7472	38.8587	35.2093	30.2295	26.6414	23.3512	20.7893	19.8758
782	32.7101	35.1429	36.0629	40.8621	31.22	34.3537	39.4316	44.4602	45.7371	32.8825	0.487746	2.53179	4.34094	6.02097	7.6223	9.179	10.653	12.1115	13.5739	14.9447	16.2817	17.4709	18.6663	19.7347	20.4616	19.7664	18.7752	17.4964	16.3632	15.006	13.5609	12.1158	10.6683	9.1621	7.61996	6.01954	4.34693	2.53148	0.48632	33.2256	47.6	45.5279	39.5416	35.91	30.8694	27.2453	23.8978	21.2904	20.3878
782.5	32.8889	35.3381	36.2399	41.1187	31.8483	34.9499	40.0687	45.0969	45.9885	1.06571	2.48489	4.53321	6.41334	8.18767	9.91641	11.6005	13.1619	14.7257	16.3104	17.7547	19.1487	20.3495	21.5969	22.7411	23.517	22.7851	21.7615	20.3825	19.2523	17.8211	16.2714	14.7331	13.2001	11.5797	9.92618	8.20511	6.4166	4.5328	2.48564	0.75688	47.9591	46.2255	40.1931	36.5918	31.4949	27.8376	24.4342	21.782	20.8911
783	33.0621	35.5269	36.4099	41.3649	32.4613	35.522	40.6357	43.8519	0.706167	1.92963	4.40174	6.53777	8.53719	10.4317	12.3013	14.1164	15.7561	17.4195	19.1237	20.6316	22.0729	23.2719	24.5676	25.7904	26.6186	25.8472	24.7927	23.3107	22.1994	20.7025	19.0535	17.4301	15.8219	14.0911	12.3271	10.4748	8.54006	6.54131	4.40707	1.94541	0.720007	44.3395	40.7749	37.2511	32.1054	28.4183	24.9605	22.2642	21.3858
783.5	33.2297	35.7095	36.5727	41.5998	33.0532	35.9834	0.219498	1.15743	2.24807	3.63187	6.24939	8.56648	10.7199	12.7397	14.7524	16.696	18.4021	20.1582	21.9793	23.5419	25.0219	26.2068	27.5478	28.852	29.7343	28.9223	27.8389	26.2507	25.173	23.617	21.8728	20.1719	18.4997	16.6653	14.7977	12.8155	10.724	8.57677	6.26181	3.64043	2.24948	1.17952	0.202561	37.7961	32.6954	28.9869	25.4766	22.737	21.8718
784	33.3918	35.8857	36.7265	41.8039	33.5165	0.272004	1.37679	2.49978	3.72671	5.31652	8.1069	10.6211	12.9416	15.0867	17.2417	19.3101	21.0707	22.9133	24.8496	26.4591	27.9704	29.1297	30.5131	31.9014	32.8385	31.9862	30.8765	29.178	28.1479	26.5385	24.7017	22.93	21.2041	19.2728	17.3101	15.2018	12.9479	10.6401	8.1291	5.31997	3.72251	2.51449	1.41068	0.240258	33.156	29.5358	25.9819	23.2004	22.3493
784.5	33.5481	36.0534	36.8538	41.7997	31.2059	1.31932	2.59016	3.83416	5.23722	7.031	9.99609	12.6985	15.1835	17.449	19.7449	21.9347	23.7387	25.6626	27.7136	29.363	30.8986	32.0208	33.4436	34.9183	35.9101	35.019	33.8863	32.0734	31.105	29.4468	27.5194	25.6823	23.9121	21.8897	19.8395	17.6097	15.1928	12.7287	10.0329	7.03444	5.2361	3.84795	2.61745	1.34854	30.8801	29.9945	26.4698	23.6536	22.8182
785	33.6968	36.2022	36.8801	8.28755	0.904701	2.44361	3.80844	5.20748	6.79426	8.7794	11.9129	14.7897	17.4305	19.8085	22.2435	24.5518	26.389	28.3895	30.5553	32.238	33.7909	34.8636	36.3221	37.8851	38.9305	38.0032	36.8521	34.9205	34.029	32.3266	30.3097	28.4122	26.6065	24.498	22.3675	20.0209	17.4433	14.8337	11.9698	8.78726	6.80199	5.22372	3.83405	2.47936	0.89748	29.9582	26.9157	24.0935	23.2779
785.5	33.8275	36.2454	7.06521	0.86392	1.89439	3.5331	5.05078	6.6218	8.38792	10.5511	13.8454	16.8836	19.6705	22.1521	24.724	27.1483	29.0085	31.0813	33.3623	35.0715	36.6339	37.6426	39.1318	40.7843	41.8806	40.9215	39.7583	37.7039	36.9065	35.165	33.06	31.1073	29.2745	27.0847	24.8806	22.4223	19.6877	16.9442	13.9272	10.5666	8.40896	6.64391	5.07852	3.58771	1.93297	28.9556	27.2653	24.5116	23.7266
786	33.839	30.6367	0.841874	1.73119	2.86419	4.62481	6.31068	8.06163	10.0023	12.3325	15.781	18.9702	21.8942	24.4704	27.1768	29.7144	31.587	33.7272	36.1239	37.8518	39.4143	40.3416	41.8539	43.5958	44.7387	43.7543	42.5878	40.4074	39.7247	37.9504	35.7592	33.757	31.9062	29.64	27.3692	24.8044	21.9165	19.05	15.8921	12.3581	10.0406	8.09341	6.34808	4.7242	2.9822	28.4449	27.5514	24.9038	24.1615
786.5	30.3245	0.756222	1.63013	2.59137	3.84521	5.72962	7.58253	9.51305	11.6229	14.1116	17.7091	21.0414	24.0947	26.7563	29.5944	32.2421	34.1158	36.3178	38.8298	40.5669	42.1173	42.9406	44.4642	46.2931	47.4746	46.4757	45.3192	43.011	42.4694	40.6708	38.3965	36.3519	34.4935	32.156	29.8261	27.1605	24.1228	21.1427	17.8535	14.1495	11.6824	9.55889	7.63609	5.88307	4.03619	28.4864	27.8431	25.2772	24.5821
787	0.717307	1.48803	2.40509	3.46466	4.84243	6.84565	8.85983	10.9659	13.2391	15.8793	19.6218	23.0908	26.2664	29.0043	31.9707	34.7247	36.5862	38.8427	41.4687	43.2027	44.7241	45.4117	46.9264	48.8343	50.0393	49.0452	47.921	45.4866	45.1223	43.3117	40.9596	38.8821	37.0283	34.6262	32.2455	29.4851	26.3011	23.2159	19.8033	15.9316	13.3236	11.0292	8.93111	7.0507	5.08848	28.7767	28.1689	25.6416	24.9902
787.5	1.39217	2.19443	3.18417	4.35054	5.85088	7.96668	10.1362	12.4131	14.8437	17.6294	21.5133	25.1136	28.4049	31.2095	34.3002	37.1555	38.9891	41.2904	44.0269	45.7404	47.2075	47.7096	49.1753	51.1389	52.3303	51.3845	50.3383	47.7886	47.6571	45.854	43.4337	41.3364	39.5025	37.0438	34.6221	31.7736	28.4469	25.2648	21.7357	17.6978	14.9565	12.4956	10.2233	8.21728	6.13448	29.182	28.5262	26.0033	25.389
788	2.08964	2.91648	3.97166	5.244	6.86395	9.08609	11.406	13.8495	16.4319	19.3573	23.3794	27.1059	30.5063	33.3673	36.5772	39.5268	41.3135	43.6457	46.4854	48.1516	49.5209	49.7426	51.0495	52.9675	53.9629	53.266	52.4432	49.8241	50.0289	48.2685	45.7976	43.7002	41.9062	39.4016	36.9506	34.022	30.5565	27.2855	23.6465	19.4439	16.576	13.9522	11.5061	9.37674	7.17107	29.6439	28.9055	26.3646	25.781
788.5	2.80781	3.65771	4.76798	6.14096	7.87626	10.1987	12.6651	15.2715	18.0006	21.0603	25.217	29.0643	32.5668	35.4728	38.7953	41.8299	43.5449	45.8871	48.8146	50.3863	51.5629	51.1964	41.2123	0.391185	1.20502	0.344763	52.9027	51.2734	52.1402	50.503	48.0182	45.9532	44.227	41.6909	39.2252	36.2257	32.6262	29.2748	25.5325	21.1666	18.1785	15.3947	12.7753	10.5255	8.19621	30.1341	29.2979	26.7255	26.1678
789	3.53726	4.41036	5.56863	7.03755	8.88396	11.3007	13.9104	16.6767	19.5476	22.736	27.0236	30.9861	34.5826	37.5207	40.9466	44.0531	45.6627	47.9799	50.956	52.1949	0.230558	1.43937	2.51867	3.27861	4.04414	3.22955	2.28617	1.3456	0.215349	52.3099	50.029	48.0626	46.447	43.9007	41.4388	38.3802	34.6524	31.23	27.3914	22.8637	19.7618	16.8209	14.0283	11.6613	9.20866	30.6375	29.6968	27.0852	26.5501
789.5	4.26968	5.16648	6.36831	7.93022	9.88427	12.3899	15.14	18.0633	21.0713	24.3828	28.797	32.8681	36.5497	39.5042	43.021	46.1794	47.6239	49.5774	0.359478	1.69943	2.92414	4.02009	4.93449	5.65353	6.33612	5.61646	4.75124	3.93765	2.85685	1.69102	0.404563	49.6563	48.529	46.0149	43.5826	40.4797	36.6311	33.1483	29.2209	24.5334	21.324	18.2289	15.2637	12.7831	10.2077	31.1455	30.0978	27.4424	26.9279
790	4.99932	5.92034	7.16279	8.81614	10.8752	13.4646	16.3525	19.4301	22.5705	25.9993	30.5351	34.7074	38.4631	41.4148	44.9964	47.9806	0.35887	1.76016	2.9963	4.14512	5.23336	6.26394	7.18709	7.95333	8.58803	7.92944	7.06709	6.2064	5.19068	4.14882	3.04537	1.78664	0.355488	47.7983	45.6359	42.5168	38.5578	35.0268	31.0192	26.1743	22.864	19.6178	16.4806	13.8901	11.1928	31.653	30.4977	27.7961	27.301
790.5	5.72263	6.66835	7.94923	9.69333	11.8553	14.5238	17.547	20.7764	24.0441	27.584	32.2358	36.5003	40.3129	43.1688	0.454501	1.46765	2.89986	4.14089	5.27697	6.39391	7.49787	8.55521	9.53739	10.3677	10.9915	10.3574	9.47415	8.52539	7.49101	6.41976	5.31904	4.15316	2.88769	1.48079	0.449956	44.4148	40.4229	36.862	32.7842	27.785	24.3808	20.9866	17.6783	14.9818	12.1638	32.1568	30.8942	28.1453	27.6691
791	6.43753	7.40841	8.72589	10.5605	12.8238	15.5668	18.7229	22.1012	25.4912	29.1355	33.8956	38.2251	41.6061	0.788911	2.39655	3.81349	5.13584	6.3712	7.55952	8.73204	9.89952	11.0048	12.0547	12.9527	13.5908	12.9554	12.0428	10.9979	9.92389	8.77366	7.58976	6.37508	5.12185	3.814	2.38694	0.772327	41.7271	38.6331	34.5127	29.3641	25.8735	22.3348	18.8565	16.0579	13.1206	32.6548	31.286	28.4894	28.0317
791.5	7.14288	8.13931	9.49177	11.4169	13.78	16.5931	19.8797	23.4041	26.9108	30.6495	35.4715	38.0829	1.37907	3.09164	4.597	6.01485	7.3713	8.68326	9.97593	11.2305	12.4721	13.6213	14.7359	15.7035	16.3721	15.7186	14.7735	13.6312	12.5223	11.2824	9.99089	8.68508	7.36424	6.00515	4.58561	3.0749	1.39094	38.532	36.164	30.9074	27.3411	23.6618	20.0147	17.1183	14.0629	33.1455	31.6718	28.8276	28.3885
792	7.83807	8.86041	10.2463	12.262	14.7235	17.6023	21.0169	24.6841	28.298	32.0741	34.764	1.68498	3.54734	5.21255	6.77259	8.28092	9.71721	11.1317	12.5447	13.8835	15.1951	16.3757	17.5494	18.589	19.2982	18.6161	17.6378	16.3975	15.2681	13.9425	12.5404	11.1349	9.725	8.26551	6.76671	5.20582	3.55478	1.68357	35.5367	32.3645	28.7791	24.9668	21.1527	18.1627	14.9908	33.628	32.051	29.1595	28.7391
792.5	8.52279	9.57138	10.9892	13.0955	15.6541	18.5942	22.1339	25.9372	29.6126	32.3996	1.60351	3.75225	5.61882	7.35588	9.03088	10.6608	12.1853	13.706	15.2416	16.6575	18.0299	19.2275	20.455	21.5693	22.3257	21.6086	20.5975	19.2579	18.1249	16.722	15.2133	13.7121	12.214	10.6414	9.03555	7.36556	5.62286	3.7503	1.601	32.713	30.1492	26.246	22.2698	19.1911	15.9042	34.1017	32.4229	29.4848	29.0834
793	9.19691	10.272	11.7203	13.9173	16.5716	19.5684	23.2283	27.1459	30.6154	0.863075	3.59814	5.75472	7.72474	9.57425	11.3853	13.1451	14.7513	16.3738	18.0299	19.513	20.9363	22.137	23.4142	24.6061	25.4136	24.6578	23.6152	22.1738	21.0538	19.5822	17.9724	16.3831	14.8059	13.1215	11.4046	9.60707	7.72762	5.75543	3.59889	0.8808	31.2127	27.4823	23.3638	20.203	16.803	34.5658	32.7872	29.8032	29.4211
793.5	9.86041	10.9623	12.4395	14.7273	17.4757	20.5236	24.2924	28.2433	29.9586	2.7318	5.50347	7.79156	9.89366	11.8637	13.8162	15.705	17.3819	19.0994	20.8731	22.4141	23.8792	25.0705	26.394	27.6662	28.5272	27.7311	26.6587	25.1125	24.0206	22.4876	20.7812	19.1119	17.4667	15.6764	13.8538	11.9266	9.89736	7.79852	5.5129	2.75078	30.6441	28.6104	24.427	21.1973	17.6871	35.0201	33.1435	30.1145	29.7521
794	10.5133	11.6422	13.1469	15.5253	18.366	21.4578	25.3166	29.2125	29.0397	4.6154	7.4414	9.86515	12.1125	14.2026	16.2958	18.31	20.0455	21.8515	23.7408	25.3314	26.8306	28.0007	29.3676	30.7229	31.6386	30.802	29.7022	28.0473	26.9976	25.4092	23.6095	21.867	20.1646	18.2753	16.3551	14.3023	12.1183	9.8813	7.46347	4.63691	29.7625	29.6129	25.4497	22.1719	18.556	35.4638	33.4916	30.4187	30.0763
794.5	11.1556	12.3118	13.8424	16.3112	19.242	22.3696	26.3035	30.1324	29.381	6.50313	9.42375	11.9772	14.3634	16.5667	18.7983	20.934	22.7167	24.6057	26.6097	28.2427	29.7688	30.9062	32.3138	33.7546	34.7252	33.849	32.7249	30.9572	29.9638	28.3249	26.434	24.6241	22.8741	20.892	18.8826	16.7097	14.3724	12.0051	9.46256	6.52918	30.1452	30.5657	26.4342	23.1255	19.4093	35.8963	33.8311	30.7155	30.3936
795	11.7874	12.971	14.5261	17.0849	20.1035	23.2599	27.2633	31.0695	30.2314	8.38615	11.4263	14.111	16.629	18.9362	21.3032	23.557	25.3761	27.3433	29.4619	31.1307	32.6768	33.7697	35.2145	36.7429	37.7676	36.854	35.7097	33.8249	32.9023	31.2175	29.2368	27.3648	25.576	23.5066	21.4157	19.1286	16.6419	14.153	11.4859	8.41862	31.0493	31.5354	27.391	24.0588	20.2466	36.3169	34.1619	31.0049	30.704
795.5	12.4088	13.6199	15.1979	17.8465	20.9507	24.1305	28.2054	32.0376	31.2728	10.257	13.4297	16.248	18.8934	21.2959	23.7955	26.1642	28.0095	30.0503	32.2839	33.9819	35.5406	36.5753	38.053	39.6705	40.7474	39.8	38.6409	36.6349	35.7994	34.0735	32.0042	30.075	28.2562	26.1044	23.9394	21.5439	18.9108	16.3065	13.5139	10.2976	32.1466	32.5362	28.3297	24.9736	21.0683	36.7255	34.4836	31.2869	31.0073
796	13.0198	14.2585	15.858	18.5958	21.7838	24.9831	29.1342	33.0273	32.3966	12.1093	15.4214	18.3747	21.1442	23.6346	26.2642	28.7448	30.6058	32.7156	35.0645	36.7843	38.3469	39.3075	40.8116	42.5187	43.6441	42.6686	41.5023	39.3715	38.6423	36.8809	34.7247	32.7439	30.9039	28.6747	26.4427	23.944	21.1667	18.4517	15.534	12.1599	33.327	33.5588	29.255	25.8717	21.8747	37.1224	34.7964	31.5613	31.3037
796.5	13.6205	14.887	16.5064	19.3331	22.6033	25.819	30.0506	34.0264	33.5544	13.9388	17.3933	20.4816	23.3725	25.9438	28.7011	31.2905	33.1559	35.3293	37.7934	39.5263	41.0819	41.948	43.4687	45.2641	46.4319	45.437	44.2748	42.0166	41.4174	39.6282	37.3875	35.3616	33.5103	31.2091	28.9175	26.3206	23.4006	20.5793	17.5378	14.0007	34.5423	34.5911	30.1678	26.7544	22.6663	37.5081	35.1002	31.8282	31.5931
797	14.211	15.5053	17.1431	20.0585	23.4093	26.6386	30.9538	35.0249	34.7215	15.7423	19.3402	22.5627	25.5717	28.217	31.0995	33.7942	35.6514	37.8816	40.4601	42.195	43.7288	44.4729	45.9939	47.8724	49.0709	48.0718	46.9317	44.5461	44.1086	42.302	39.9813	37.9187	36.0678	33.7005	31.3573	28.6675	25.6061	22.6831	19.5202	15.8171	35.7681	35.6233	31.0673	27.6221	23.4436	37.8831	35.3953	32.0877	31.8755
797.5	14.7914	16.1135	17.7684	20.772	24.2021	27.442	31.8422	36.0155	35.8835	17.5178	21.2588	24.6135	27.7372	30.4488	33.4536	36.249	38.0834	40.3616	43.0519	44.7736	46.2643	46.8453	48.3366	50.2832	51.4871	50.5142	49.4298	46.9228	46.6932	44.8855	42.4924	40.4048	38.5682	36.1425	33.7567	30.9796	27.7784	24.7588	21.4778	17.607	36.9902	36.6482	31.9521	28.4749	24.2066	38.2478	35.682	32.3399	32.1509
798	15.3617	16.7118	18.3823	21.4737	24.9817	28.2291	32.7144	36.9926	37.0314	19.2636	23.1465	26.6309	29.8649	32.6345	35.7576	38.6479	40.4419	42.756	45.5524	47.2384	48.6513	48.9978	50.3894	52.3518	53.478	52.6254	51.6812	49.0787	49.1357	47.3544	44.9027	42.8069	41.0026	38.528	36.1102	33.2524	29.9137	26.8032	23.4083	19.3688	38.2	37.6603	32.8206	29.3126	24.9556	38.6026	35.9604	32.5849	32.4195
798.5	15.9221	17.3001	18.9848	22.1638	25.7482	28.9996	33.5689	37.9521	38.159	20.9786	25.0015	28.612	31.9511	34.769	38.0053	40.9827	42.714	45.0463	47.9371	49.5504	50.8183	50.7575	51.7331	52.9324	0.273928	53.4035	53.3911	50.8379	51.3669	49.6679	47.1849	45.1074	43.3597	40.849	38.4121	35.4816	32.0084	28.8138	25.3097	21.1014	39.3916	38.6557	33.6714	30.1349	25.6905	38.9475	36.2307	32.8229	32.6813
799	16.4726	17.8786	19.5762	22.8422	26.5013	29.7532	34.4043	38.8907	39.2616	22.6616	26.8219	30.5543	33.9923	36.8473	40.1894	43.2429	44.8821	47.2045	50.1644	51.6247	52.3556	0.305003	1.40896	2.24547	3.04758	2.18984	1.16899	0.256666	53.0374	51.7377	49.2917	47.2798	45.6243	43.0954	40.6559	37.6625	34.059	30.788	27.1805	22.8035	40.5605	39.6312	34.5031	30.9414	26.4112	39.2827	36.4931	33.054	32.9364
799.5	17.0133	18.4473	20.1564	23.5089	27.2411	30.4893	35.2193	39.8055	40.3354	24.3115	28.606	32.4551	35.9845	38.863	42.3008	45.4141	46.9183	49.1641	51.4902	0.583543	1.91638	3.09633	4.04289	4.75941	5.47136	4.71774	3.83639	3.00748	1.84909	0.579943	50.3267	49.2607	47.7729	45.2537	42.8333	39.7899	36.0618	32.7233	29.0188	24.4742	41.7031	40.5841	35.3145	31.7317	27.1178	39.608	36.7475	33.2783	33.1849
800	17.5444	19.0063	20.7255	24.164	27.9674	31.2077	36.013	40.6943	41.3771	25.9271	30.352	34.3116	37.923	40.8084	44.3263	47.4569	47.9936	0.692851	2.03475	3.24866	4.36199	5.4004	6.31011	7.05433	7.70269	7.02518	6.16608	5.3322	4.30667	3.24431	2.08617	0.721842	48.9774	47.2844	44.9327	41.8571	38.0124	34.6173	30.8232	26.1124	42.8162	41.5121	36.1045	32.5053	27.81	39.9235	36.9942	33.4958	33.427
